#
# TABLE STRUCTURE FOR: comments
#

DROP TABLE IF EXISTS `comments`;

CREATE TABLE `comments` (
  `id` int(10) unsigned NOT NULL AUTO_INCREMENT,
  `recipes_id` int(10) unsigned NOT NULL,
  `user_id` int(10) unsigned NOT NULL,
  `number_of_likes` int(10) unsigned NOT NULL DEFAULT 0,
  `comment_text` text COLLATE utf8mb4_unicode_ci DEFAULT NULL,
  `created_at` datetime DEFAULT current_timestamp(),
  PRIMARY KEY (`id`)
) ENGINE=InnoDB AUTO_INCREMENT=101 DEFAULT CHARSET=utf8mb4 COLLATE=utf8mb4_unicode_ci;

INSERT INTO `comments` (`id`, `recipes_id`, `user_id`, `number_of_likes`, `comment_text`, `created_at`) VALUES (1, 80, 39, 472, 'Aut corrupti explicabo officia ducimus nobis qui consequatur et. Eos accusamus inventore asperiores quisquam corporis rerum. Impedit molestiae ea aliquam est iure.', '2004-08-01 12:40:37');
INSERT INTO `comments` (`id`, `recipes_id`, `user_id`, `number_of_likes`, `comment_text`, `created_at`) VALUES (2, 85, 37, 260, 'Odit deserunt ipsa et quia aut adipisci molestiae. Fugit natus natus et quia.', '2014-05-09 10:04:37');
INSERT INTO `comments` (`id`, `recipes_id`, `user_id`, `number_of_likes`, `comment_text`, `created_at`) VALUES (3, 15, 96, 113, 'Corrupti dolore incidunt qui quaerat. Eum a ex sunt beatae eveniet voluptas sequi. Odio qui eos et dolorum ipsa.', '2004-06-20 15:24:08');
INSERT INTO `comments` (`id`, `recipes_id`, `user_id`, `number_of_likes`, `comment_text`, `created_at`) VALUES (4, 74, 43, 228, 'Quisquam velit consequuntur qui. Omnis architecto totam atque alias in. Dolor et voluptatibus necessitatibus id suscipit ex quo voluptate. Laborum in deleniti consequatur aut.', '1984-01-05 22:38:42');
INSERT INTO `comments` (`id`, `recipes_id`, `user_id`, `number_of_likes`, `comment_text`, `created_at`) VALUES (5, 100, 63, 471, 'Quo non quas qui autem voluptatem animi quia. Veritatis voluptatum quia tenetur sunt sapiente. Quaerat ipsum eligendi odio. Id explicabo ex culpa excepturi ullam.', '1992-03-11 16:20:13');
INSERT INTO `comments` (`id`, `recipes_id`, `user_id`, `number_of_likes`, `comment_text`, `created_at`) VALUES (6, 89, 83, 137, 'Sunt doloribus aperiam aspernatur itaque. Voluptatem ipsa occaecati iusto iure provident dignissimos. Consequatur natus magnam unde voluptatem. Quia deserunt ut tempore corporis tempora rerum dicta.', '2006-08-16 10:39:34');
INSERT INTO `comments` (`id`, `recipes_id`, `user_id`, `number_of_likes`, `comment_text`, `created_at`) VALUES (7, 68, 39, 323, 'Quod id nam placeat in laborum. Sapiente nemo dolor doloribus adipisci ut impedit asperiores.', '2020-05-02 07:22:41');
INSERT INTO `comments` (`id`, `recipes_id`, `user_id`, `number_of_likes`, `comment_text`, `created_at`) VALUES (8, 41, 9, 215, 'Quae ea sit ducimus odit sed culpa asperiores quia. Sequi ea qui consequatur voluptatem placeat beatae. Dolorem nulla et consequatur fugit quia.', '2017-06-10 19:44:43');
INSERT INTO `comments` (`id`, `recipes_id`, `user_id`, `number_of_likes`, `comment_text`, `created_at`) VALUES (9, 20, 50, 345, 'Eligendi dolores culpa rem ad quisquam eligendi accusamus soluta. Et quidem doloribus et illo et. Inventore itaque sit placeat. Consequatur ex eligendi laboriosam esse culpa nesciunt.', '1971-06-08 21:58:07');
INSERT INTO `comments` (`id`, `recipes_id`, `user_id`, `number_of_likes`, `comment_text`, `created_at`) VALUES (10, 45, 8, 449, 'Dolores molestiae qui neque saepe culpa unde. Nam repellendus atque perspiciatis sed officiis autem. Facere sed rerum nisi id hic praesentium asperiores. Vel sequi ratione rerum veritatis.', '1981-08-02 22:46:31');
INSERT INTO `comments` (`id`, `recipes_id`, `user_id`, `number_of_likes`, `comment_text`, `created_at`) VALUES (11, 60, 78, 352, 'Velit qui consectetur ut cupiditate. Ipsam asperiores dolorum iste saepe a aut cupiditate possimus. Aperiam id accusamus reprehenderit quia labore quod.', '1974-01-29 06:11:12');
INSERT INTO `comments` (`id`, `recipes_id`, `user_id`, `number_of_likes`, `comment_text`, `created_at`) VALUES (12, 49, 42, 128, 'Culpa quia iste est molestiae. Aut maiores nihil beatae in placeat. Sit temporibus quo cum unde nisi quis. Suscipit eaque totam aperiam facilis quia.', '1978-06-16 01:04:10');
INSERT INTO `comments` (`id`, `recipes_id`, `user_id`, `number_of_likes`, `comment_text`, `created_at`) VALUES (13, 77, 14, 219, 'Libero tempore quia nam temporibus. Aut sint incidunt praesentium aliquid sapiente. Quis non quam in ea ipsam.', '1973-12-16 15:53:25');
INSERT INTO `comments` (`id`, `recipes_id`, `user_id`, `number_of_likes`, `comment_text`, `created_at`) VALUES (14, 100, 88, 305, 'Quae aliquid cum sapiente voluptas. Quibusdam est doloremque commodi. Sequi nesciunt nostrum est molestias. Modi quo mollitia vitae odio saepe.', '2017-03-09 18:46:33');
INSERT INTO `comments` (`id`, `recipes_id`, `user_id`, `number_of_likes`, `comment_text`, `created_at`) VALUES (15, 87, 16, 361, 'Magnam neque nostrum eos molestias at voluptatibus ut. Cupiditate vel fugit et aperiam. Placeat dolor voluptas voluptatem corrupti error ad maiores.', '2015-04-28 21:08:37');
INSERT INTO `comments` (`id`, `recipes_id`, `user_id`, `number_of_likes`, `comment_text`, `created_at`) VALUES (16, 40, 15, 440, 'Sapiente aut ullam occaecati qui at aut. Aperiam dolores et iusto quas quos et. Accusantium nisi deleniti omnis debitis nisi veniam tenetur. Ipsa est quisquam consequatur pariatur autem quas.', '2017-04-18 14:47:18');
INSERT INTO `comments` (`id`, `recipes_id`, `user_id`, `number_of_likes`, `comment_text`, `created_at`) VALUES (17, 87, 14, 499, 'Ut ut esse consequatur. Cupiditate voluptate voluptas est est vero omnis quis voluptas. Veritatis illo natus eligendi tempora.', '1999-08-20 18:44:32');
INSERT INTO `comments` (`id`, `recipes_id`, `user_id`, `number_of_likes`, `comment_text`, `created_at`) VALUES (18, 37, 42, 132, 'Deserunt qui et animi consequatur repellendus inventore vero. Et voluptatibus eaque vero id adipisci in.', '1989-09-09 12:17:21');
INSERT INTO `comments` (`id`, `recipes_id`, `user_id`, `number_of_likes`, `comment_text`, `created_at`) VALUES (19, 89, 43, 161, 'Temporibus voluptate et est in ut. Mollitia qui facere vero sunt vero ut. Officiis voluptatibus iusto sit repudiandae dolor ipsa ut.', '1988-03-31 07:07:01');
INSERT INTO `comments` (`id`, `recipes_id`, `user_id`, `number_of_likes`, `comment_text`, `created_at`) VALUES (20, 94, 71, 476, 'Omnis tempore adipisci blanditiis aliquid voluptatem. Debitis eveniet animi est nesciunt aut. Dolorem rerum ad voluptatibus quis. Commodi natus rerum fugit dolorem totam.', '1982-08-19 13:35:11');
INSERT INTO `comments` (`id`, `recipes_id`, `user_id`, `number_of_likes`, `comment_text`, `created_at`) VALUES (21, 76, 70, 78, 'Rerum rem unde tempore eos. Voluptatem quis labore officiis aspernatur beatae. Dolores odit sint omnis doloremque nihil aut aut.', '1973-01-24 15:06:40');
INSERT INTO `comments` (`id`, `recipes_id`, `user_id`, `number_of_likes`, `comment_text`, `created_at`) VALUES (22, 95, 61, 436, 'Eos animi blanditiis eos officiis. Laborum velit voluptatum perferendis tempore. Ad praesentium sequi et eius quam quam. Assumenda sed itaque ut in.', '1991-06-26 20:56:25');
INSERT INTO `comments` (`id`, `recipes_id`, `user_id`, `number_of_likes`, `comment_text`, `created_at`) VALUES (23, 18, 23, 180, 'Sed corporis facilis eum quos. Odio odio quaerat dolorum reprehenderit. Dignissimos aliquid velit quod nostrum et est minima.', '1986-09-01 05:12:59');
INSERT INTO `comments` (`id`, `recipes_id`, `user_id`, `number_of_likes`, `comment_text`, `created_at`) VALUES (24, 84, 40, 211, 'Quod eligendi cupiditate ducimus ut quisquam nisi amet. Ducimus et minima fuga a maiores. Provident inventore molestiae tempora et. Molestias reprehenderit eaque veniam ut.', '1984-10-09 19:03:48');
INSERT INTO `comments` (`id`, `recipes_id`, `user_id`, `number_of_likes`, `comment_text`, `created_at`) VALUES (25, 92, 56, 33, 'Aut amet dicta dolorem molestias. Placeat sit quia quia doloribus molestiae in voluptates. Sequi dolores similique est atque at qui.', '2005-05-30 15:36:03');
INSERT INTO `comments` (`id`, `recipes_id`, `user_id`, `number_of_likes`, `comment_text`, `created_at`) VALUES (26, 80, 32, 288, 'Quidem tempore nesciunt et consectetur aliquid. Optio eos voluptatibus distinctio dolor eum deserunt velit ratione. Qui itaque quibusdam quasi qui.', '2020-05-07 19:31:28');
INSERT INTO `comments` (`id`, `recipes_id`, `user_id`, `number_of_likes`, `comment_text`, `created_at`) VALUES (27, 27, 52, 56, 'Consequatur qui voluptas quibusdam cupiditate. Inventore enim itaque necessitatibus veritatis. Possimus ea sint quia qui fugit occaecati. Ipsam nihil voluptas ab quo quisquam sed.', '1985-10-27 00:21:53');
INSERT INTO `comments` (`id`, `recipes_id`, `user_id`, `number_of_likes`, `comment_text`, `created_at`) VALUES (28, 36, 50, 370, 'Non voluptatem officiis laudantium suscipit necessitatibus temporibus. Modi et eaque quis eum quia commodi officiis. Aut veniam ut ut ea. Id nobis nisi eaque occaecati sunt.', '2009-06-16 20:03:12');
INSERT INTO `comments` (`id`, `recipes_id`, `user_id`, `number_of_likes`, `comment_text`, `created_at`) VALUES (29, 61, 77, 70, 'Commodi quo officia maiores culpa quisquam molestias quidem. Ullam soluta veritatis sit sequi. Magni dolorem iusto eveniet odio nemo. Non quae ab dolor vel.', '2011-12-21 20:02:07');
INSERT INTO `comments` (`id`, `recipes_id`, `user_id`, `number_of_likes`, `comment_text`, `created_at`) VALUES (30, 12, 35, 377, 'Nihil vero cum quo ut nihil quod. Occaecati porro dolorem sed veniam quam ut illo. Quis voluptas quos qui maxime illo sapiente distinctio.', '1986-02-04 19:23:31');
INSERT INTO `comments` (`id`, `recipes_id`, `user_id`, `number_of_likes`, `comment_text`, `created_at`) VALUES (31, 13, 22, 116, 'Minus culpa enim aut molestiae. Soluta ea dolores repellat rem. Accusantium alias excepturi aliquid incidunt.', '2005-07-12 09:43:03');
INSERT INTO `comments` (`id`, `recipes_id`, `user_id`, `number_of_likes`, `comment_text`, `created_at`) VALUES (32, 89, 25, 413, 'Tempore delectus blanditiis omnis non. Magni aperiam qui quia non. Sunt omnis perferendis aut similique et. Qui doloremque qui fugiat.', '1976-08-01 11:54:36');
INSERT INTO `comments` (`id`, `recipes_id`, `user_id`, `number_of_likes`, `comment_text`, `created_at`) VALUES (33, 86, 88, 468, 'Sint vitae et earum dignissimos. Dolores hic adipisci inventore. Voluptatibus suscipit eos sit. Quae id officiis esse recusandae officiis sed corporis.', '1979-06-05 06:25:39');
INSERT INTO `comments` (`id`, `recipes_id`, `user_id`, `number_of_likes`, `comment_text`, `created_at`) VALUES (34, 22, 87, 369, 'Earum odio commodi laudantium sed ut ex. Quo animi maxime et magnam voluptatem fugit facere ullam. Est quo repellat nisi voluptatibus odio quis debitis.', '1995-04-19 19:12:45');
INSERT INTO `comments` (`id`, `recipes_id`, `user_id`, `number_of_likes`, `comment_text`, `created_at`) VALUES (35, 82, 88, 322, 'Explicabo est aut odio eligendi rerum. Nesciunt molestiae ipsum modi voluptatibus repellendus. Beatae corrupti id perspiciatis quos quas quisquam inventore nihil.', '2016-10-19 02:55:31');
INSERT INTO `comments` (`id`, `recipes_id`, `user_id`, `number_of_likes`, `comment_text`, `created_at`) VALUES (36, 82, 62, 417, 'Alias exercitationem est quaerat labore consequatur qui quibusdam cum. Est odio molestiae maxime. Labore suscipit qui omnis omnis exercitationem modi.', '2013-03-06 01:28:08');
INSERT INTO `comments` (`id`, `recipes_id`, `user_id`, `number_of_likes`, `comment_text`, `created_at`) VALUES (37, 60, 40, 61, 'Quibusdam dolor ad minus minus in. Id dicta est cupiditate ipsum laudantium veniam mollitia. Cumque et tempora eaque accusantium qui. Asperiores delectus neque enim expedita.', '1978-07-24 15:25:51');
INSERT INTO `comments` (`id`, `recipes_id`, `user_id`, `number_of_likes`, `comment_text`, `created_at`) VALUES (38, 100, 9, 5, 'Molestias ut sit voluptatem minus id laborum. Eum in eum et ut voluptas.\nLaboriosam illo quia voluptatem fugiat rerum sunt. Aspernatur accusamus fuga amet iste sit laborum. Sit illum id qui aliquid.', '2007-12-21 14:39:33');
INSERT INTO `comments` (`id`, `recipes_id`, `user_id`, `number_of_likes`, `comment_text`, `created_at`) VALUES (39, 77, 45, 414, 'Ut nihil nihil neque ipsam. Et sapiente officia voluptas. Aut officiis perferendis rerum. Veritatis eos voluptatum dolore.', '1988-09-09 09:44:56');
INSERT INTO `comments` (`id`, `recipes_id`, `user_id`, `number_of_likes`, `comment_text`, `created_at`) VALUES (40, 64, 52, 369, 'Aut qui officiis molestiae ea aut earum et et. Nemo ad nihil est doloribus minus iure. Facere fugit laborum voluptatem vero non. Omnis quo sed laudantium enim a.', '2014-09-10 00:48:56');
INSERT INTO `comments` (`id`, `recipes_id`, `user_id`, `number_of_likes`, `comment_text`, `created_at`) VALUES (41, 35, 10, 445, 'Et molestiae error similique nulla mollitia. Qui excepturi provident sed quam voluptas dolor aspernatur sed. Maxime provident cum qui voluptatum. Fugiat nihil numquam architecto minus in voluptate.', '1978-02-10 23:56:10');
INSERT INTO `comments` (`id`, `recipes_id`, `user_id`, `number_of_likes`, `comment_text`, `created_at`) VALUES (42, 87, 99, 145, 'Perferendis exercitationem suscipit maxime tempora voluptates explicabo eaque. Voluptatem aut ut non adipisci.', '2020-09-23 04:48:31');
INSERT INTO `comments` (`id`, `recipes_id`, `user_id`, `number_of_likes`, `comment_text`, `created_at`) VALUES (43, 59, 32, 48, 'Minima molestiae inventore porro suscipit rem recusandae. Quod autem dolore magni sit. Et similique consequuntur sint incidunt et consequatur.', '1996-03-02 07:27:29');
INSERT INTO `comments` (`id`, `recipes_id`, `user_id`, `number_of_likes`, `comment_text`, `created_at`) VALUES (44, 46, 23, 347, 'Omnis dolores vero error accusantium itaque deleniti et. Autem quod est iure sit aut non aut iste. Exercitationem consectetur ut incidunt dolore minus et. Iure qui quas temporibus sunt.', '1993-05-14 08:55:56');
INSERT INTO `comments` (`id`, `recipes_id`, `user_id`, `number_of_likes`, `comment_text`, `created_at`) VALUES (45, 86, 16, 385, 'Occaecati rem et aspernatur dolores vitae vel. Cupiditate ut sit veritatis voluptatem perferendis et facere qui. Ab aut voluptatum non quidem et dolores.', '2020-03-09 12:40:10');
INSERT INTO `comments` (`id`, `recipes_id`, `user_id`, `number_of_likes`, `comment_text`, `created_at`) VALUES (46, 53, 98, 67, 'Ad voluptatibus voluptas voluptatem eum voluptatibus magnam omnis quaerat. Non et autem modi sit. Quisquam aliquam et beatae sed error quae omnis.', '1976-10-28 23:28:04');
INSERT INTO `comments` (`id`, `recipes_id`, `user_id`, `number_of_likes`, `comment_text`, `created_at`) VALUES (47, 69, 7, 308, 'Tenetur dolores est saepe aliquid adipisci quo ad. Non modi vitae quia consequuntur voluptas optio. Quidem enim accusantium ad odit cupiditate nam.', '2005-02-26 19:51:12');
INSERT INTO `comments` (`id`, `recipes_id`, `user_id`, `number_of_likes`, `comment_text`, `created_at`) VALUES (48, 71, 31, 264, 'Similique et fuga fuga cumque nostrum sapiente nesciunt ullam. Reprehenderit aut voluptas aliquid autem. Recusandae saepe quos quisquam.', '2002-05-20 17:35:29');
INSERT INTO `comments` (`id`, `recipes_id`, `user_id`, `number_of_likes`, `comment_text`, `created_at`) VALUES (49, 87, 72, 199, 'Enim quis alias beatae nobis. Unde nostrum non facilis eaque exercitationem. Sunt omnis dolorem eius dolorum quis est aspernatur. Ipsa nisi sapiente ut ab adipisci.', '1994-04-29 15:34:50');
INSERT INTO `comments` (`id`, `recipes_id`, `user_id`, `number_of_likes`, `comment_text`, `created_at`) VALUES (50, 5, 29, 392, 'Et ut eligendi tempore voluptatum. A veniam enim id debitis molestias optio. Sit expedita consectetur nisi exercitationem voluptate et distinctio quos. Laboriosam facilis voluptates ad.', '2000-09-25 13:17:51');
INSERT INTO `comments` (`id`, `recipes_id`, `user_id`, `number_of_likes`, `comment_text`, `created_at`) VALUES (51, 92, 32, 492, 'Quae nisi architecto sit delectus architecto ipsa. Quas aliquam eum voluptate aspernatur sint.', '2016-08-06 23:05:08');
INSERT INTO `comments` (`id`, `recipes_id`, `user_id`, `number_of_likes`, `comment_text`, `created_at`) VALUES (52, 79, 30, 441, 'Non labore sed labore est. Delectus voluptas consequatur vel harum. Quia tenetur aliquid incidunt ut. Minima ducimus ad quis laborum nisi architecto veritatis. Rerum sit fugiat ad illum.', '1980-01-25 02:22:22');
INSERT INTO `comments` (`id`, `recipes_id`, `user_id`, `number_of_likes`, `comment_text`, `created_at`) VALUES (53, 28, 57, 353, 'Dolores ad vel soluta quibusdam sit. Deleniti aut atque quis consectetur accusamus eum. Autem consequatur molestias necessitatibus aut. Quam assumenda est et voluptates.', '1974-08-06 08:53:14');
INSERT INTO `comments` (`id`, `recipes_id`, `user_id`, `number_of_likes`, `comment_text`, `created_at`) VALUES (54, 14, 72, 330, 'Dignissimos rerum tempore ea omnis. Et voluptate a pariatur. Nam numquam est vitae natus dolore sit ipsam. Eius occaecati placeat beatae ut.', '1980-07-07 05:51:45');
INSERT INTO `comments` (`id`, `recipes_id`, `user_id`, `number_of_likes`, `comment_text`, `created_at`) VALUES (55, 24, 68, 463, 'Aperiam fugit labore quo. Voluptatem et labore officiis enim ad dolores beatae. Rerum et in cumque et eos. Laborum natus laborum facilis recusandae quas velit architecto aut.', '2003-03-10 07:45:51');
INSERT INTO `comments` (`id`, `recipes_id`, `user_id`, `number_of_likes`, `comment_text`, `created_at`) VALUES (56, 73, 84, 438, 'Esse tempore sed non mollitia ut ea ea. Aut tenetur est quaerat nobis nihil ipsam ratione. Et fuga vero et tempora sit. Quia dolorem sunt voluptatem dolorem iure enim repudiandae.', '2003-09-10 07:33:45');
INSERT INTO `comments` (`id`, `recipes_id`, `user_id`, `number_of_likes`, `comment_text`, `created_at`) VALUES (57, 16, 24, 283, 'Non consequatur aperiam deserunt aut quibusdam. Non provident necessitatibus eius. Voluptatibus voluptate necessitatibus totam neque. Sit non accusamus magnam. Deserunt sit quia fuga voluptatem a.', '2013-04-27 10:25:10');
INSERT INTO `comments` (`id`, `recipes_id`, `user_id`, `number_of_likes`, `comment_text`, `created_at`) VALUES (58, 92, 31, 219, 'Iste enim est excepturi. Repudiandae et deserunt quasi distinctio quia. Temporibus aut rem reiciendis aut.', '1996-02-23 20:03:34');
INSERT INTO `comments` (`id`, `recipes_id`, `user_id`, `number_of_likes`, `comment_text`, `created_at`) VALUES (59, 23, 88, 31, 'Eveniet et est ut quibusdam magni inventore non. Voluptatibus velit odit qui corporis ea ut sint. Tenetur et repudiandae nostrum ipsum id esse.', '2015-04-24 02:20:30');
INSERT INTO `comments` (`id`, `recipes_id`, `user_id`, `number_of_likes`, `comment_text`, `created_at`) VALUES (60, 94, 59, 82, 'Perferendis dolorem vel et. Est voluptas laboriosam et dolores atque dignissimos incidunt. Corrupti vel non dolores assumenda totam. Veritatis nesciunt officia dolore.', '2006-10-20 15:00:15');
INSERT INTO `comments` (`id`, `recipes_id`, `user_id`, `number_of_likes`, `comment_text`, `created_at`) VALUES (61, 9, 40, 322, 'Suscipit quae quisquam soluta dignissimos et animi. Nihil quam odit consequuntur dolorem et. Occaecati omnis dolore dicta molestiae amet.', '2003-09-02 20:51:32');
INSERT INTO `comments` (`id`, `recipes_id`, `user_id`, `number_of_likes`, `comment_text`, `created_at`) VALUES (62, 67, 30, 92, 'Sed minima quae libero quia consequatur iusto. Optio recusandae ipsa velit aut est. Sint adipisci et voluptatem ut. Labore doloremque nam veritatis ad dolor est molestiae veritatis.', '1993-07-09 04:36:19');
INSERT INTO `comments` (`id`, `recipes_id`, `user_id`, `number_of_likes`, `comment_text`, `created_at`) VALUES (63, 58, 31, 75, 'Et qui itaque voluptatem quo et eos. Voluptatem eaque temporibus voluptatum voluptatum est accusantium. Eius fugiat nostrum sit.', '2000-05-21 20:12:00');
INSERT INTO `comments` (`id`, `recipes_id`, `user_id`, `number_of_likes`, `comment_text`, `created_at`) VALUES (64, 65, 27, 190, 'In et magnam hic sit. Aut harum dolorem placeat. Voluptates eaque esse dolor. Esse ipsa et quas doloremque qui enim.', '1978-09-11 03:04:06');
INSERT INTO `comments` (`id`, `recipes_id`, `user_id`, `number_of_likes`, `comment_text`, `created_at`) VALUES (65, 97, 59, 463, 'Dolorem excepturi corporis rerum tenetur ex. Earum ducimus sit iure voluptatum est. Sequi sint repudiandae illo et.', '1995-09-23 05:00:46');
INSERT INTO `comments` (`id`, `recipes_id`, `user_id`, `number_of_likes`, `comment_text`, `created_at`) VALUES (66, 96, 88, 359, 'Temporibus magni provident facilis qui ipsa. Repellat temporibus enim dolores illo. Sequi molestias quibusdam nam officiis vero. Non blanditiis molestias aliquid non eum optio placeat.', '1978-02-02 00:52:15');
INSERT INTO `comments` (`id`, `recipes_id`, `user_id`, `number_of_likes`, `comment_text`, `created_at`) VALUES (67, 93, 12, 425, 'Quia necessitatibus dolorum odio minus culpa quam. Aut necessitatibus eum magni consequatur magnam nulla. Et atque voluptatem neque repellendus.', '1991-11-23 14:41:15');
INSERT INTO `comments` (`id`, `recipes_id`, `user_id`, `number_of_likes`, `comment_text`, `created_at`) VALUES (68, 50, 2, 171, 'Earum magnam voluptatem accusantium qui vero. Sint est ea eligendi nostrum commodi eos reiciendis. Amet rerum sed magnam nobis voluptatem. Possimus ea in aut velit.', '1992-06-06 16:27:18');
INSERT INTO `comments` (`id`, `recipes_id`, `user_id`, `number_of_likes`, `comment_text`, `created_at`) VALUES (69, 91, 46, 414, 'Aut quia eveniet commodi illo sequi eius. Nulla aliquam non architecto officiis quo. Voluptate adipisci ea rerum a. Exercitationem qui corrupti aut quidem quos perferendis totam qui.', '2011-05-21 02:54:24');
INSERT INTO `comments` (`id`, `recipes_id`, `user_id`, `number_of_likes`, `comment_text`, `created_at`) VALUES (70, 60, 32, 200, 'Consequuntur et ut autem. Accusamus a quasi provident harum aut eaque. Ea voluptatibus quia in aliquam eum maxime nihil.', '1985-08-13 03:51:24');
INSERT INTO `comments` (`id`, `recipes_id`, `user_id`, `number_of_likes`, `comment_text`, `created_at`) VALUES (71, 35, 11, 268, 'Qui necessitatibus delectus quis rerum. Quo et dolor voluptas magnam. Dicta laboriosam qui temporibus neque omnis. Aut distinctio tenetur tempora qui.', '1996-04-16 01:00:56');
INSERT INTO `comments` (`id`, `recipes_id`, `user_id`, `number_of_likes`, `comment_text`, `created_at`) VALUES (72, 15, 86, 399, 'Et voluptatem voluptatem dolor impedit totam. Commodi dolorum officiis impedit animi amet quibusdam ullam. Dolor rerum veritatis et dolorem provident. Esse cumque pariatur ipsa ut voluptatem cum.', '1974-01-11 15:05:06');
INSERT INTO `comments` (`id`, `recipes_id`, `user_id`, `number_of_likes`, `comment_text`, `created_at`) VALUES (73, 18, 35, 180, 'Aut nobis accusamus ex sunt asperiores magni. Modi facilis eum qui fuga et ipsa sed. Explicabo praesentium assumenda et eos optio et accusamus. Quae ea est quisquam qui quod itaque eos.', '2015-09-29 15:28:32');
INSERT INTO `comments` (`id`, `recipes_id`, `user_id`, `number_of_likes`, `comment_text`, `created_at`) VALUES (74, 50, 17, 93, 'Est sapiente tempore dolore a sint et. Nihil voluptatem ipsam omnis voluptates natus possimus nobis. Sunt pariatur rerum ut dolorem mollitia. Aut illo optio ut.', '2021-01-25 07:05:46');
INSERT INTO `comments` (`id`, `recipes_id`, `user_id`, `number_of_likes`, `comment_text`, `created_at`) VALUES (75, 61, 40, 346, 'Incidunt ipsam nostrum et dolores nihil sequi dolores. Temporibus vitae dolorum voluptas veniam. Quidem est atque ipsum at.', '2016-03-21 02:47:47');
INSERT INTO `comments` (`id`, `recipes_id`, `user_id`, `number_of_likes`, `comment_text`, `created_at`) VALUES (76, 8, 19, 106, 'Rem laudantium corrupti vitae est adipisci. Odio fugit qui adipisci id illo.', '1987-11-30 06:56:18');
INSERT INTO `comments` (`id`, `recipes_id`, `user_id`, `number_of_likes`, `comment_text`, `created_at`) VALUES (77, 63, 76, 54, 'Tempore perspiciatis et doloribus doloremque odio. Quaerat porro sint voluptatibus. Animi sed ut vitae labore rem. Blanditiis debitis non ipsa provident.', '2021-04-07 16:55:41');
INSERT INTO `comments` (`id`, `recipes_id`, `user_id`, `number_of_likes`, `comment_text`, `created_at`) VALUES (78, 83, 36, 422, 'Facere iure ab doloribus consectetur aliquid atque minima dolorem. Itaque eius sit iure numquam rem voluptatum quasi. Ipsum cum eum et officia molestiae. Sit porro culpa veritatis rerum.', '1981-05-18 09:08:20');
INSERT INTO `comments` (`id`, `recipes_id`, `user_id`, `number_of_likes`, `comment_text`, `created_at`) VALUES (79, 24, 52, 285, 'Autem rem nihil deleniti maxime veritatis debitis ipsa. Ut dolor voluptas quis sint magni sit aut animi. Et voluptate ea labore enim. Sed voluptas quia quod mollitia et quos ea.', '2000-05-12 03:49:03');
INSERT INTO `comments` (`id`, `recipes_id`, `user_id`, `number_of_likes`, `comment_text`, `created_at`) VALUES (80, 52, 64, 220, 'Vero ipsa omnis sit nam ea qui. Quae eos eaque quo assumenda vel.', '2019-05-15 22:56:03');
INSERT INTO `comments` (`id`, `recipes_id`, `user_id`, `number_of_likes`, `comment_text`, `created_at`) VALUES (81, 67, 67, 372, 'Alias est ab et modi amet est. Tempora rem quo iure amet voluptates voluptas eum.', '1978-05-29 08:39:34');
INSERT INTO `comments` (`id`, `recipes_id`, `user_id`, `number_of_likes`, `comment_text`, `created_at`) VALUES (82, 12, 66, 6, 'Vitae ducimus sed magni repellendus quas reprehenderit. Ut facere quaerat fugit. Distinctio consequatur ipsum ab nihil.', '1983-04-10 20:47:03');
INSERT INTO `comments` (`id`, `recipes_id`, `user_id`, `number_of_likes`, `comment_text`, `created_at`) VALUES (83, 65, 55, 208, 'Reprehenderit est doloremque alias odio. Nam ab cupiditate aliquam quis. Ut quam dolores hic ipsa asperiores in ullam facere. Et sunt qui dicta illum ab molestias.', '2008-07-04 08:08:04');
INSERT INTO `comments` (`id`, `recipes_id`, `user_id`, `number_of_likes`, `comment_text`, `created_at`) VALUES (84, 59, 78, 285, 'Sed qui perferendis nesciunt inventore quos possimus similique. Vel est adipisci debitis temporibus magnam tempore est vel.', '2008-05-27 20:31:30');
INSERT INTO `comments` (`id`, `recipes_id`, `user_id`, `number_of_likes`, `comment_text`, `created_at`) VALUES (85, 98, 23, 247, 'Voluptatum quis expedita est aut. Esse consequatur occaecati eum animi et corporis. Voluptatibus et et sint dolor vel.', '1989-03-10 20:01:02');
INSERT INTO `comments` (`id`, `recipes_id`, `user_id`, `number_of_likes`, `comment_text`, `created_at`) VALUES (86, 81, 2, 100, 'Ut provident omnis praesentium dolore. Voluptatem similique amet aperiam dolorum. Eum quis excepturi illo hic ipsam.', '2005-03-07 20:36:51');
INSERT INTO `comments` (`id`, `recipes_id`, `user_id`, `number_of_likes`, `comment_text`, `created_at`) VALUES (87, 27, 86, 38, 'Culpa molestiae id soluta eligendi exercitationem exercitationem assumenda dolores. Dicta quo voluptatem voluptatum ad eum et aut dignissimos. Asperiores corporis sint commodi nobis.', '2008-12-18 15:01:35');
INSERT INTO `comments` (`id`, `recipes_id`, `user_id`, `number_of_likes`, `comment_text`, `created_at`) VALUES (88, 66, 69, 496, 'Blanditiis sequi id error iste deserunt dolores qui. Sed sint quasi quia. Sapiente ab adipisci repellat ducimus expedita consequatur.', '1990-01-22 14:43:19');
INSERT INTO `comments` (`id`, `recipes_id`, `user_id`, `number_of_likes`, `comment_text`, `created_at`) VALUES (89, 65, 58, 365, 'Necessitatibus quia aliquam eos et harum. Iste cumque pariatur ipsum possimus adipisci temporibus. Quisquam officia qui maxime est accusantium quibusdam.', '1998-03-07 05:12:49');
INSERT INTO `comments` (`id`, `recipes_id`, `user_id`, `number_of_likes`, `comment_text`, `created_at`) VALUES (90, 77, 45, 147, 'Quae ad blanditiis nobis et. Beatae non inventore quae est adipisci ab non praesentium. Distinctio ullam id autem neque consequatur. Aliquam voluptas iste rerum quam rem placeat.', '2018-06-09 19:55:32');
INSERT INTO `comments` (`id`, `recipes_id`, `user_id`, `number_of_likes`, `comment_text`, `created_at`) VALUES (91, 53, 31, 191, 'Consequuntur distinctio illo laudantium voluptas. Aut laudantium praesentium itaque sed. Pariatur veniam voluptas sed commodi mollitia natus.', '2010-05-11 18:32:22');
INSERT INTO `comments` (`id`, `recipes_id`, `user_id`, `number_of_likes`, `comment_text`, `created_at`) VALUES (92, 47, 28, 322, 'Quam fugit ea sint illum ut. Ullam possimus nihil sed magnam tempora aperiam ipsa. Molestiae et quidem occaecati non harum perspiciatis. Reiciendis aut et et id consectetur culpa fugit.', '2019-08-08 00:31:53');
INSERT INTO `comments` (`id`, `recipes_id`, `user_id`, `number_of_likes`, `comment_text`, `created_at`) VALUES (93, 26, 42, 362, 'Deserunt voluptate omnis eum soluta perferendis atque eaque. Natus voluptatem saepe aut omnis officia. Quisquam eveniet aut voluptas illo aut commodi. Voluptates totam magni rerum est ea quod est.', '2015-07-21 13:53:08');
INSERT INTO `comments` (`id`, `recipes_id`, `user_id`, `number_of_likes`, `comment_text`, `created_at`) VALUES (94, 79, 37, 327, 'Sed neque et voluptas ab sequi. Sed quia ipsam optio possimus fugiat. Voluptate inventore ea vitae dolorum.', '1998-06-12 01:42:34');
INSERT INTO `comments` (`id`, `recipes_id`, `user_id`, `number_of_likes`, `comment_text`, `created_at`) VALUES (95, 94, 74, 302, 'Enim ad atque perspiciatis molestias in aliquid libero molestiae. Ut omnis iure eaque sint nam sapiente omnis. Alias mollitia libero necessitatibus. Aliquid id officiis quia odio commodi error ut et.', '1987-10-11 23:48:23');
INSERT INTO `comments` (`id`, `recipes_id`, `user_id`, `number_of_likes`, `comment_text`, `created_at`) VALUES (96, 77, 33, 393, 'Quos error libero et minima. Dolores distinctio quisquam sunt harum sint doloremque. Animi suscipit quia modi fuga quam qui. Sed tenetur animi quia neque delectus nesciunt.', '1991-01-23 15:30:55');
INSERT INTO `comments` (`id`, `recipes_id`, `user_id`, `number_of_likes`, `comment_text`, `created_at`) VALUES (97, 71, 44, 228, 'Et labore voluptas placeat aspernatur aut. Eos voluptatem ex sapiente. Quis possimus id est adipisci quia corrupti sunt sed. Cupiditate eum et nihil ut totam reprehenderit.', '2015-11-08 11:53:09');
INSERT INTO `comments` (`id`, `recipes_id`, `user_id`, `number_of_likes`, `comment_text`, `created_at`) VALUES (98, 83, 25, 193, 'Ad ut corrupti recusandae quis. Nihil rerum possimus non veniam omnis laudantium laboriosam. Expedita illo harum beatae corrupti ut in minima vel. Amet enim veniam et maxime.', '1979-01-29 16:50:43');
INSERT INTO `comments` (`id`, `recipes_id`, `user_id`, `number_of_likes`, `comment_text`, `created_at`) VALUES (99, 75, 5, 232, 'Quis iste quasi corrupti minima. Quisquam vero nihil necessitatibus. Est consequatur eum expedita.', '1971-08-26 14:44:32');
INSERT INTO `comments` (`id`, `recipes_id`, `user_id`, `number_of_likes`, `comment_text`, `created_at`) VALUES (100, 83, 66, 405, 'Sapiente non adipisci cum voluptates. Aliquid magni doloremque provident nulla ut. Dicta velit rem facilis cum explicabo quasi. Expedita sit et excepturi unde ipsa.', '1992-03-22 09:30:46');


#
# TABLE STRUCTURE FOR: dishes
#

DROP TABLE IF EXISTS `dishes`;

CREATE TABLE `dishes` (
  `id` int(10) unsigned NOT NULL AUTO_INCREMENT,
  `dishes_categories_id` int(10) unsigned NOT NULL,
  `name` varchar(50) COLLATE utf8mb4_unicode_ci NOT NULL,
  PRIMARY KEY (`id`)
) ENGINE=InnoDB AUTO_INCREMENT=31 DEFAULT CHARSET=utf8mb4 COLLATE=utf8mb4_unicode_ci;

INSERT INTO `dishes` (`id`, `dishes_categories_id`, `name`) VALUES (1, 1, 'ad');
INSERT INTO `dishes` (`id`, `dishes_categories_id`, `name`) VALUES (2, 2, 'occaecati');
INSERT INTO `dishes` (`id`, `dishes_categories_id`, `name`) VALUES (3, 3, 'nesciunt');
INSERT INTO `dishes` (`id`, `dishes_categories_id`, `name`) VALUES (4, 4, 'reprehenderit');
INSERT INTO `dishes` (`id`, `dishes_categories_id`, `name`) VALUES (5, 5, 'ratione');
INSERT INTO `dishes` (`id`, `dishes_categories_id`, `name`) VALUES (6, 6, 'esse');
INSERT INTO `dishes` (`id`, `dishes_categories_id`, `name`) VALUES (7, 7, 'totam');
INSERT INTO `dishes` (`id`, `dishes_categories_id`, `name`) VALUES (8, 8, 'ad');
INSERT INTO `dishes` (`id`, `dishes_categories_id`, `name`) VALUES (9, 9, 'totam');
INSERT INTO `dishes` (`id`, `dishes_categories_id`, `name`) VALUES (10, 10, 'qui');
INSERT INTO `dishes` (`id`, `dishes_categories_id`, `name`) VALUES (11, 11, 'harum');
INSERT INTO `dishes` (`id`, `dishes_categories_id`, `name`) VALUES (12, 12, 'repellendus');
INSERT INTO `dishes` (`id`, `dishes_categories_id`, `name`) VALUES (13, 13, 'aut');
INSERT INTO `dishes` (`id`, `dishes_categories_id`, `name`) VALUES (14, 14, 'pariatur');
INSERT INTO `dishes` (`id`, `dishes_categories_id`, `name`) VALUES (15, 15, 'aspernatur');
INSERT INTO `dishes` (`id`, `dishes_categories_id`, `name`) VALUES (16, 16, 'non');
INSERT INTO `dishes` (`id`, `dishes_categories_id`, `name`) VALUES (17, 17, 'qui');
INSERT INTO `dishes` (`id`, `dishes_categories_id`, `name`) VALUES (18, 18, 'sint');
INSERT INTO `dishes` (`id`, `dishes_categories_id`, `name`) VALUES (19, 19, 'ut');
INSERT INTO `dishes` (`id`, `dishes_categories_id`, `name`) VALUES (20, 20, 'harum');
INSERT INTO `dishes` (`id`, `dishes_categories_id`, `name`) VALUES (21, 1, 'et');
INSERT INTO `dishes` (`id`, `dishes_categories_id`, `name`) VALUES (22, 2, 'ut');
INSERT INTO `dishes` (`id`, `dishes_categories_id`, `name`) VALUES (23, 3, 'in');
INSERT INTO `dishes` (`id`, `dishes_categories_id`, `name`) VALUES (24, 4, 'perspiciatis');
INSERT INTO `dishes` (`id`, `dishes_categories_id`, `name`) VALUES (25, 5, 'aut');
INSERT INTO `dishes` (`id`, `dishes_categories_id`, `name`) VALUES (26, 6, 'sit');
INSERT INTO `dishes` (`id`, `dishes_categories_id`, `name`) VALUES (27, 7, 'recusandae');
INSERT INTO `dishes` (`id`, `dishes_categories_id`, `name`) VALUES (28, 8, 'officiis');
INSERT INTO `dishes` (`id`, `dishes_categories_id`, `name`) VALUES (29, 9, 'omnis');
INSERT INTO `dishes` (`id`, `dishes_categories_id`, `name`) VALUES (30, 10, 'earum');


#
# TABLE STRUCTURE FOR: dishes_categories
#

DROP TABLE IF EXISTS `dishes_categories`;

CREATE TABLE `dishes_categories` (
  `id` int(10) unsigned NOT NULL AUTO_INCREMENT,
  `name` varchar(50) COLLATE utf8mb4_unicode_ci NOT NULL,
  PRIMARY KEY (`id`),
  UNIQUE KEY `name` (`name`)
) ENGINE=InnoDB AUTO_INCREMENT=21 DEFAULT CHARSET=utf8mb4 COLLATE=utf8mb4_unicode_ci;

INSERT INTO `dishes_categories` (`id`, `name`) VALUES (16, 'at');
INSERT INTO `dishes_categories` (`id`, `name`) VALUES (18, 'beatae');
INSERT INTO `dishes_categories` (`id`, `name`) VALUES (13, 'distinctio');
INSERT INTO `dishes_categories` (`id`, `name`) VALUES (11, 'dolor');
INSERT INTO `dishes_categories` (`id`, `name`) VALUES (5, 'eligendi');
INSERT INTO `dishes_categories` (`id`, `name`) VALUES (1, 'et');
INSERT INTO `dishes_categories` (`id`, `name`) VALUES (7, 'iure');
INSERT INTO `dishes_categories` (`id`, `name`) VALUES (3, 'nam');
INSERT INTO `dishes_categories` (`id`, `name`) VALUES (12, 'neque');
INSERT INTO `dishes_categories` (`id`, `name`) VALUES (20, 'odio');
INSERT INTO `dishes_categories` (`id`, `name`) VALUES (2, 'placeat');
INSERT INTO `dishes_categories` (`id`, `name`) VALUES (17, 'qui');
INSERT INTO `dishes_categories` (`id`, `name`) VALUES (19, 'quod');
INSERT INTO `dishes_categories` (`id`, `name`) VALUES (14, 'quos');
INSERT INTO `dishes_categories` (`id`, `name`) VALUES (8, 'sapiente');
INSERT INTO `dishes_categories` (`id`, `name`) VALUES (10, 'sit');
INSERT INTO `dishes_categories` (`id`, `name`) VALUES (4, 'sunt');
INSERT INTO `dishes_categories` (`id`, `name`) VALUES (9, 'unde');
INSERT INTO `dishes_categories` (`id`, `name`) VALUES (6, 'vel');
INSERT INTO `dishes_categories` (`id`, `name`) VALUES (15, 'vero');


#
# TABLE STRUCTURE FOR: friendship
#

DROP TABLE IF EXISTS `friendship`;

CREATE TABLE `friendship` (
  `user_id` int(10) unsigned NOT NULL,
  `friend_id` int(10) unsigned NOT NULL,
  `confirmed_at` datetime DEFAULT current_timestamp(),
  PRIMARY KEY (`user_id`,`friend_id`)
) ENGINE=InnoDB DEFAULT CHARSET=utf8mb4 COLLATE=utf8mb4_unicode_ci;

INSERT INTO `friendship` (`user_id`, `friend_id`, `confirmed_at`) VALUES (1, 52, '1971-07-05 12:59:14');
INSERT INTO `friendship` (`user_id`, `friend_id`, `confirmed_at`) VALUES (2, 54, '1979-12-01 16:40:56');
INSERT INTO `friendship` (`user_id`, `friend_id`, `confirmed_at`) VALUES (3, 58, '2004-11-14 02:34:05');
INSERT INTO `friendship` (`user_id`, `friend_id`, `confirmed_at`) VALUES (3, 87, '1975-08-31 02:42:56');
INSERT INTO `friendship` (`user_id`, `friend_id`, `confirmed_at`) VALUES (4, 11, '2020-02-06 22:39:14');
INSERT INTO `friendship` (`user_id`, `friend_id`, `confirmed_at`) VALUES (5, 15, '1985-04-28 03:44:52');
INSERT INTO `friendship` (`user_id`, `friend_id`, `confirmed_at`) VALUES (8, 10, '1978-04-18 09:29:08');
INSERT INTO `friendship` (`user_id`, `friend_id`, `confirmed_at`) VALUES (9, 74, '2006-02-20 16:18:33');
INSERT INTO `friendship` (`user_id`, `friend_id`, `confirmed_at`) VALUES (9, 84, '1982-10-04 15:56:09');
INSERT INTO `friendship` (`user_id`, `friend_id`, `confirmed_at`) VALUES (10, 11, '1994-10-01 00:36:57');
INSERT INTO `friendship` (`user_id`, `friend_id`, `confirmed_at`) VALUES (12, 78, '1999-02-25 15:41:44');
INSERT INTO `friendship` (`user_id`, `friend_id`, `confirmed_at`) VALUES (13, 26, '2011-11-28 08:16:12');
INSERT INTO `friendship` (`user_id`, `friend_id`, `confirmed_at`) VALUES (13, 58, '1998-10-04 12:03:35');
INSERT INTO `friendship` (`user_id`, `friend_id`, `confirmed_at`) VALUES (15, 63, '1995-01-16 01:39:32');
INSERT INTO `friendship` (`user_id`, `friend_id`, `confirmed_at`) VALUES (16, 53, '2001-09-27 13:42:04');
INSERT INTO `friendship` (`user_id`, `friend_id`, `confirmed_at`) VALUES (17, 30, '1976-12-02 12:47:42');
INSERT INTO `friendship` (`user_id`, `friend_id`, `confirmed_at`) VALUES (18, 71, '1991-05-19 15:54:54');
INSERT INTO `friendship` (`user_id`, `friend_id`, `confirmed_at`) VALUES (19, 49, '2008-01-03 05:39:35');
INSERT INTO `friendship` (`user_id`, `friend_id`, `confirmed_at`) VALUES (19, 86, '1996-02-04 03:29:02');
INSERT INTO `friendship` (`user_id`, `friend_id`, `confirmed_at`) VALUES (19, 97, '1989-12-22 18:08:28');
INSERT INTO `friendship` (`user_id`, `friend_id`, `confirmed_at`) VALUES (21, 28, '1987-03-31 15:44:22');
INSERT INTO `friendship` (`user_id`, `friend_id`, `confirmed_at`) VALUES (21, 42, '1988-04-13 07:07:09');
INSERT INTO `friendship` (`user_id`, `friend_id`, `confirmed_at`) VALUES (21, 44, '2014-09-05 02:33:13');
INSERT INTO `friendship` (`user_id`, `friend_id`, `confirmed_at`) VALUES (21, 57, '1990-01-20 08:47:38');
INSERT INTO `friendship` (`user_id`, `friend_id`, `confirmed_at`) VALUES (22, 100, '1980-01-15 00:04:02');
INSERT INTO `friendship` (`user_id`, `friend_id`, `confirmed_at`) VALUES (23, 29, '2002-12-10 19:54:03');
INSERT INTO `friendship` (`user_id`, `friend_id`, `confirmed_at`) VALUES (24, 90, '2001-08-11 05:34:36');
INSERT INTO `friendship` (`user_id`, `friend_id`, `confirmed_at`) VALUES (25, 43, '2004-12-07 18:10:57');
INSERT INTO `friendship` (`user_id`, `friend_id`, `confirmed_at`) VALUES (26, 88, '2013-05-14 14:48:18');
INSERT INTO `friendship` (`user_id`, `friend_id`, `confirmed_at`) VALUES (27, 35, '1978-09-04 01:40:04');
INSERT INTO `friendship` (`user_id`, `friend_id`, `confirmed_at`) VALUES (27, 46, '1977-06-13 01:12:57');
INSERT INTO `friendship` (`user_id`, `friend_id`, `confirmed_at`) VALUES (29, 44, '2004-02-27 07:43:40');
INSERT INTO `friendship` (`user_id`, `friend_id`, `confirmed_at`) VALUES (31, 27, '2011-11-09 00:25:14');
INSERT INTO `friendship` (`user_id`, `friend_id`, `confirmed_at`) VALUES (32, 25, '1985-08-16 15:37:58');
INSERT INTO `friendship` (`user_id`, `friend_id`, `confirmed_at`) VALUES (33, 100, '2016-06-15 12:52:59');
INSERT INTO `friendship` (`user_id`, `friend_id`, `confirmed_at`) VALUES (34, 94, '2014-12-13 09:08:22');
INSERT INTO `friendship` (`user_id`, `friend_id`, `confirmed_at`) VALUES (35, 44, '2018-12-26 08:17:58');
INSERT INTO `friendship` (`user_id`, `friend_id`, `confirmed_at`) VALUES (36, 81, '1994-01-05 17:59:09');
INSERT INTO `friendship` (`user_id`, `friend_id`, `confirmed_at`) VALUES (37, 28, '1991-09-13 11:05:53');
INSERT INTO `friendship` (`user_id`, `friend_id`, `confirmed_at`) VALUES (37, 62, '1986-09-30 05:47:21');
INSERT INTO `friendship` (`user_id`, `friend_id`, `confirmed_at`) VALUES (37, 64, '1978-12-07 21:44:57');
INSERT INTO `friendship` (`user_id`, `friend_id`, `confirmed_at`) VALUES (38, 92, '1988-07-16 13:22:12');
INSERT INTO `friendship` (`user_id`, `friend_id`, `confirmed_at`) VALUES (39, 5, '1990-10-29 16:37:25');
INSERT INTO `friendship` (`user_id`, `friend_id`, `confirmed_at`) VALUES (39, 62, '1981-04-28 23:35:27');
INSERT INTO `friendship` (`user_id`, `friend_id`, `confirmed_at`) VALUES (42, 8, '2005-02-27 11:08:02');
INSERT INTO `friendship` (`user_id`, `friend_id`, `confirmed_at`) VALUES (44, 72, '2016-01-20 23:47:01');
INSERT INTO `friendship` (`user_id`, `friend_id`, `confirmed_at`) VALUES (45, 3, '2001-09-01 13:21:13');
INSERT INTO `friendship` (`user_id`, `friend_id`, `confirmed_at`) VALUES (45, 26, '2002-07-29 14:58:16');
INSERT INTO `friendship` (`user_id`, `friend_id`, `confirmed_at`) VALUES (45, 90, '1970-01-19 07:23:40');
INSERT INTO `friendship` (`user_id`, `friend_id`, `confirmed_at`) VALUES (46, 24, '2018-07-21 01:34:54');
INSERT INTO `friendship` (`user_id`, `friend_id`, `confirmed_at`) VALUES (48, 62, '1997-02-22 12:07:07');
INSERT INTO `friendship` (`user_id`, `friend_id`, `confirmed_at`) VALUES (48, 95, '2011-11-12 20:57:08');
INSERT INTO `friendship` (`user_id`, `friend_id`, `confirmed_at`) VALUES (51, 11, '1972-09-11 13:16:33');
INSERT INTO `friendship` (`user_id`, `friend_id`, `confirmed_at`) VALUES (52, 52, '1987-03-03 04:41:59');
INSERT INTO `friendship` (`user_id`, `friend_id`, `confirmed_at`) VALUES (52, 58, '2007-06-28 06:58:55');
INSERT INTO `friendship` (`user_id`, `friend_id`, `confirmed_at`) VALUES (53, 90, '1971-12-28 15:37:32');
INSERT INTO `friendship` (`user_id`, `friend_id`, `confirmed_at`) VALUES (55, 45, '1980-09-30 16:58:08');
INSERT INTO `friendship` (`user_id`, `friend_id`, `confirmed_at`) VALUES (56, 25, '1988-02-15 02:14:53');
INSERT INTO `friendship` (`user_id`, `friend_id`, `confirmed_at`) VALUES (57, 78, '2019-06-24 00:02:03');
INSERT INTO `friendship` (`user_id`, `friend_id`, `confirmed_at`) VALUES (58, 35, '1973-07-03 18:50:02');
INSERT INTO `friendship` (`user_id`, `friend_id`, `confirmed_at`) VALUES (59, 5, '2011-05-07 19:55:41');
INSERT INTO `friendship` (`user_id`, `friend_id`, `confirmed_at`) VALUES (60, 46, '2013-02-03 07:35:13');
INSERT INTO `friendship` (`user_id`, `friend_id`, `confirmed_at`) VALUES (61, 40, '2011-03-28 23:37:04');
INSERT INTO `friendship` (`user_id`, `friend_id`, `confirmed_at`) VALUES (63, 88, '2002-02-03 04:57:48');
INSERT INTO `friendship` (`user_id`, `friend_id`, `confirmed_at`) VALUES (64, 58, '2017-05-18 19:21:33');
INSERT INTO `friendship` (`user_id`, `friend_id`, `confirmed_at`) VALUES (65, 11, '2014-03-07 10:58:29');
INSERT INTO `friendship` (`user_id`, `friend_id`, `confirmed_at`) VALUES (65, 76, '1980-05-05 05:23:32');
INSERT INTO `friendship` (`user_id`, `friend_id`, `confirmed_at`) VALUES (65, 85, '2006-01-03 23:53:26');
INSERT INTO `friendship` (`user_id`, `friend_id`, `confirmed_at`) VALUES (67, 28, '2003-12-31 16:03:42');
INSERT INTO `friendship` (`user_id`, `friend_id`, `confirmed_at`) VALUES (67, 65, '1982-02-01 10:33:40');
INSERT INTO `friendship` (`user_id`, `friend_id`, `confirmed_at`) VALUES (68, 35, '1994-07-29 21:29:45');
INSERT INTO `friendship` (`user_id`, `friend_id`, `confirmed_at`) VALUES (68, 86, '1984-08-28 06:06:53');
INSERT INTO `friendship` (`user_id`, `friend_id`, `confirmed_at`) VALUES (72, 88, '2007-02-04 04:51:32');
INSERT INTO `friendship` (`user_id`, `friend_id`, `confirmed_at`) VALUES (74, 39, '1999-08-25 20:10:19');
INSERT INTO `friendship` (`user_id`, `friend_id`, `confirmed_at`) VALUES (75, 38, '2003-06-20 15:09:43');
INSERT INTO `friendship` (`user_id`, `friend_id`, `confirmed_at`) VALUES (75, 70, '1977-02-17 19:45:33');
INSERT INTO `friendship` (`user_id`, `friend_id`, `confirmed_at`) VALUES (75, 87, '1974-11-27 17:22:04');
INSERT INTO `friendship` (`user_id`, `friend_id`, `confirmed_at`) VALUES (76, 41, '1970-07-15 20:46:43');
INSERT INTO `friendship` (`user_id`, `friend_id`, `confirmed_at`) VALUES (77, 44, '1988-05-27 01:52:43');
INSERT INTO `friendship` (`user_id`, `friend_id`, `confirmed_at`) VALUES (77, 56, '1991-12-21 12:04:45');
INSERT INTO `friendship` (`user_id`, `friend_id`, `confirmed_at`) VALUES (77, 87, '2014-01-23 13:04:45');
INSERT INTO `friendship` (`user_id`, `friend_id`, `confirmed_at`) VALUES (78, 39, '2007-01-09 06:05:52');
INSERT INTO `friendship` (`user_id`, `friend_id`, `confirmed_at`) VALUES (78, 92, '2002-01-19 16:09:10');
INSERT INTO `friendship` (`user_id`, `friend_id`, `confirmed_at`) VALUES (79, 1, '1976-10-27 16:06:01');
INSERT INTO `friendship` (`user_id`, `friend_id`, `confirmed_at`) VALUES (80, 26, '1989-11-12 21:11:10');
INSERT INTO `friendship` (`user_id`, `friend_id`, `confirmed_at`) VALUES (80, 29, '2018-03-18 12:56:46');
INSERT INTO `friendship` (`user_id`, `friend_id`, `confirmed_at`) VALUES (82, 60, '2011-08-07 14:22:45');
INSERT INTO `friendship` (`user_id`, `friend_id`, `confirmed_at`) VALUES (86, 99, '2010-09-13 20:56:56');
INSERT INTO `friendship` (`user_id`, `friend_id`, `confirmed_at`) VALUES (88, 74, '2015-06-24 22:58:25');
INSERT INTO `friendship` (`user_id`, `friend_id`, `confirmed_at`) VALUES (90, 85, '1980-03-04 22:02:25');
INSERT INTO `friendship` (`user_id`, `friend_id`, `confirmed_at`) VALUES (91, 30, '1984-09-07 00:13:43');
INSERT INTO `friendship` (`user_id`, `friend_id`, `confirmed_at`) VALUES (91, 50, '2010-08-24 22:24:20');
INSERT INTO `friendship` (`user_id`, `friend_id`, `confirmed_at`) VALUES (92, 48, '1989-01-06 12:50:36');
INSERT INTO `friendship` (`user_id`, `friend_id`, `confirmed_at`) VALUES (93, 65, '2009-06-04 15:47:56');
INSERT INTO `friendship` (`user_id`, `friend_id`, `confirmed_at`) VALUES (94, 8, '1977-09-04 16:33:43');
INSERT INTO `friendship` (`user_id`, `friend_id`, `confirmed_at`) VALUES (94, 31, '1988-03-25 22:07:18');
INSERT INTO `friendship` (`user_id`, `friend_id`, `confirmed_at`) VALUES (98, 36, '1997-02-05 09:28:50');
INSERT INTO `friendship` (`user_id`, `friend_id`, `confirmed_at`) VALUES (99, 75, '2007-12-14 16:26:27');
INSERT INTO `friendship` (`user_id`, `friend_id`, `confirmed_at`) VALUES (99, 91, '1978-10-20 11:35:46');


#
# TABLE STRUCTURE FOR: media
#

DROP TABLE IF EXISTS `media`;

CREATE TABLE `media` (
  `id` int(10) unsigned NOT NULL AUTO_INCREMENT,
  `user_id` int(10) unsigned NOT NULL,
  `filename` varchar(255) COLLATE utf8mb4_unicode_ci NOT NULL,
  `size` int(11) NOT NULL,
  `media_type_id` int(10) unsigned NOT NULL,
  `created_at` datetime DEFAULT current_timestamp(),
  PRIMARY KEY (`id`)
) ENGINE=InnoDB AUTO_INCREMENT=101 DEFAULT CHARSET=utf8mb4 COLLATE=utf8mb4_unicode_ci;

INSERT INTO `media` (`id`, `user_id`, `filename`, `size`, `media_type_id`, `created_at`) VALUES (1, 42, 'reprehenderit', 5100254, 1, '2010-10-17 05:23:56');
INSERT INTO `media` (`id`, `user_id`, `filename`, `size`, `media_type_id`, `created_at`) VALUES (2, 54, 'pariatur', 6597395, 2, '1989-03-16 23:01:10');
INSERT INTO `media` (`id`, `user_id`, `filename`, `size`, `media_type_id`, `created_at`) VALUES (3, 77, 'velit', 7104777, 1, '1988-07-24 23:30:22');
INSERT INTO `media` (`id`, `user_id`, `filename`, `size`, `media_type_id`, `created_at`) VALUES (4, 98, 'culpa', 5837455, 2, '2014-05-10 04:05:00');
INSERT INTO `media` (`id`, `user_id`, `filename`, `size`, `media_type_id`, `created_at`) VALUES (5, 65, 'id', 3491670, 1, '2003-07-21 23:50:49');
INSERT INTO `media` (`id`, `user_id`, `filename`, `size`, `media_type_id`, `created_at`) VALUES (6, 81, 'est', 756868, 2, '2012-09-03 11:13:26');
INSERT INTO `media` (`id`, `user_id`, `filename`, `size`, `media_type_id`, `created_at`) VALUES (7, 61, 'nobis', 5845915, 1, '2019-03-15 15:23:14');
INSERT INTO `media` (`id`, `user_id`, `filename`, `size`, `media_type_id`, `created_at`) VALUES (8, 32, 'expedita', 5932499, 2, '2015-09-05 09:36:23');
INSERT INTO `media` (`id`, `user_id`, `filename`, `size`, `media_type_id`, `created_at`) VALUES (9, 22, 'porro', 3590648, 1, '1985-07-12 02:29:26');
INSERT INTO `media` (`id`, `user_id`, `filename`, `size`, `media_type_id`, `created_at`) VALUES (10, 28, 'magnam', 7889764, 2, '2014-08-23 23:26:39');
INSERT INTO `media` (`id`, `user_id`, `filename`, `size`, `media_type_id`, `created_at`) VALUES (11, 63, 'est', 8364436, 1, '1993-05-16 18:29:32');
INSERT INTO `media` (`id`, `user_id`, `filename`, `size`, `media_type_id`, `created_at`) VALUES (12, 15, 'ab', 3194081, 2, '1976-04-03 05:46:33');
INSERT INTO `media` (`id`, `user_id`, `filename`, `size`, `media_type_id`, `created_at`) VALUES (13, 49, 'ut', 9818521, 1, '1984-04-03 12:00:45');
INSERT INTO `media` (`id`, `user_id`, `filename`, `size`, `media_type_id`, `created_at`) VALUES (14, 77, 'accusamus', 323208, 2, '2016-07-06 15:32:01');
INSERT INTO `media` (`id`, `user_id`, `filename`, `size`, `media_type_id`, `created_at`) VALUES (15, 2, 'accusantium', 1809177, 1, '1988-12-23 20:30:30');
INSERT INTO `media` (`id`, `user_id`, `filename`, `size`, `media_type_id`, `created_at`) VALUES (16, 83, 'labore', 4595183, 2, '1981-12-18 20:29:50');
INSERT INTO `media` (`id`, `user_id`, `filename`, `size`, `media_type_id`, `created_at`) VALUES (17, 35, 'est', 1282365, 1, '2011-05-26 22:49:40');
INSERT INTO `media` (`id`, `user_id`, `filename`, `size`, `media_type_id`, `created_at`) VALUES (18, 95, 'ea', 5930635, 2, '1990-01-20 03:33:12');
INSERT INTO `media` (`id`, `user_id`, `filename`, `size`, `media_type_id`, `created_at`) VALUES (19, 3, 'fugiat', 6878819, 1, '2009-10-26 22:46:39');
INSERT INTO `media` (`id`, `user_id`, `filename`, `size`, `media_type_id`, `created_at`) VALUES (20, 34, 'tempore', 4766039, 2, '2015-02-03 23:56:36');
INSERT INTO `media` (`id`, `user_id`, `filename`, `size`, `media_type_id`, `created_at`) VALUES (21, 43, 'maiores', 3976726, 1, '1983-12-11 13:20:33');
INSERT INTO `media` (`id`, `user_id`, `filename`, `size`, `media_type_id`, `created_at`) VALUES (22, 86, 'saepe', 2149208, 2, '1983-11-21 06:25:21');
INSERT INTO `media` (`id`, `user_id`, `filename`, `size`, `media_type_id`, `created_at`) VALUES (23, 28, 'recusandae', 4416659, 1, '2018-01-30 11:27:28');
INSERT INTO `media` (`id`, `user_id`, `filename`, `size`, `media_type_id`, `created_at`) VALUES (24, 86, 'vel', 5077115, 2, '2014-04-06 17:10:41');
INSERT INTO `media` (`id`, `user_id`, `filename`, `size`, `media_type_id`, `created_at`) VALUES (25, 17, 'et', 4567743, 1, '2009-03-25 22:37:18');
INSERT INTO `media` (`id`, `user_id`, `filename`, `size`, `media_type_id`, `created_at`) VALUES (26, 42, 'ea', 6775668, 2, '2009-10-26 12:11:02');
INSERT INTO `media` (`id`, `user_id`, `filename`, `size`, `media_type_id`, `created_at`) VALUES (27, 35, 'temporibus', 9911766, 1, '1970-11-16 06:11:56');
INSERT INTO `media` (`id`, `user_id`, `filename`, `size`, `media_type_id`, `created_at`) VALUES (28, 29, 'explicabo', 4371868, 2, '1996-07-29 23:10:06');
INSERT INTO `media` (`id`, `user_id`, `filename`, `size`, `media_type_id`, `created_at`) VALUES (29, 64, 'sit', 2210688, 1, '1996-03-05 04:00:22');
INSERT INTO `media` (`id`, `user_id`, `filename`, `size`, `media_type_id`, `created_at`) VALUES (30, 50, 'voluptas', 6219664, 2, '1981-04-11 12:00:30');
INSERT INTO `media` (`id`, `user_id`, `filename`, `size`, `media_type_id`, `created_at`) VALUES (31, 62, 'sunt', 6851784, 1, '2019-11-16 12:46:40');
INSERT INTO `media` (`id`, `user_id`, `filename`, `size`, `media_type_id`, `created_at`) VALUES (32, 56, 'placeat', 2071957, 2, '1977-11-07 10:49:34');
INSERT INTO `media` (`id`, `user_id`, `filename`, `size`, `media_type_id`, `created_at`) VALUES (33, 95, 'deleniti', 2827366, 1, '1980-12-15 04:47:56');
INSERT INTO `media` (`id`, `user_id`, `filename`, `size`, `media_type_id`, `created_at`) VALUES (34, 2, 'consequatur', 5246566, 2, '1975-02-05 10:37:35');
INSERT INTO `media` (`id`, `user_id`, `filename`, `size`, `media_type_id`, `created_at`) VALUES (35, 95, 'et', 4912919, 1, '2005-08-15 10:43:46');
INSERT INTO `media` (`id`, `user_id`, `filename`, `size`, `media_type_id`, `created_at`) VALUES (36, 8, 'dolorem', 7035253, 2, '1983-01-21 14:23:26');
INSERT INTO `media` (`id`, `user_id`, `filename`, `size`, `media_type_id`, `created_at`) VALUES (37, 84, 'earum', 3408755, 1, '2009-07-24 15:39:46');
INSERT INTO `media` (`id`, `user_id`, `filename`, `size`, `media_type_id`, `created_at`) VALUES (38, 19, 'culpa', 47700, 2, '1972-10-06 17:00:43');
INSERT INTO `media` (`id`, `user_id`, `filename`, `size`, `media_type_id`, `created_at`) VALUES (39, 95, 'voluptas', 7819783, 1, '1989-07-27 08:39:33');
INSERT INTO `media` (`id`, `user_id`, `filename`, `size`, `media_type_id`, `created_at`) VALUES (40, 7, 'sit', 6630877, 2, '2021-01-08 05:01:33');
INSERT INTO `media` (`id`, `user_id`, `filename`, `size`, `media_type_id`, `created_at`) VALUES (41, 26, 'dignissimos', 3835677, 1, '1980-10-14 15:54:40');
INSERT INTO `media` (`id`, `user_id`, `filename`, `size`, `media_type_id`, `created_at`) VALUES (42, 83, 'voluptatem', 5534688, 2, '1996-10-20 03:58:57');
INSERT INTO `media` (`id`, `user_id`, `filename`, `size`, `media_type_id`, `created_at`) VALUES (43, 56, 'ratione', 9897470, 1, '1997-06-15 13:25:28');
INSERT INTO `media` (`id`, `user_id`, `filename`, `size`, `media_type_id`, `created_at`) VALUES (44, 1, 'commodi', 7341087, 2, '1988-09-30 04:21:17');
INSERT INTO `media` (`id`, `user_id`, `filename`, `size`, `media_type_id`, `created_at`) VALUES (45, 91, 'sunt', 8129746, 1, '2016-12-10 10:17:43');
INSERT INTO `media` (`id`, `user_id`, `filename`, `size`, `media_type_id`, `created_at`) VALUES (46, 86, 'reiciendis', 6862437, 2, '1997-11-10 19:06:08');
INSERT INTO `media` (`id`, `user_id`, `filename`, `size`, `media_type_id`, `created_at`) VALUES (47, 52, 'consequatur', 116642, 1, '1984-06-24 03:01:35');
INSERT INTO `media` (`id`, `user_id`, `filename`, `size`, `media_type_id`, `created_at`) VALUES (48, 35, 'velit', 9459812, 2, '1972-06-15 09:16:19');
INSERT INTO `media` (`id`, `user_id`, `filename`, `size`, `media_type_id`, `created_at`) VALUES (49, 83, 'et', 8562017, 1, '1985-05-07 09:25:28');
INSERT INTO `media` (`id`, `user_id`, `filename`, `size`, `media_type_id`, `created_at`) VALUES (50, 38, 'quas', 6505440, 2, '2015-11-20 04:20:25');
INSERT INTO `media` (`id`, `user_id`, `filename`, `size`, `media_type_id`, `created_at`) VALUES (51, 80, 'excepturi', 6144977, 1, '1995-11-05 13:21:50');
INSERT INTO `media` (`id`, `user_id`, `filename`, `size`, `media_type_id`, `created_at`) VALUES (52, 67, 'non', 3926216, 2, '2007-06-23 15:34:31');
INSERT INTO `media` (`id`, `user_id`, `filename`, `size`, `media_type_id`, `created_at`) VALUES (53, 11, 'voluptas', 4428399, 1, '1986-11-09 23:56:39');
INSERT INTO `media` (`id`, `user_id`, `filename`, `size`, `media_type_id`, `created_at`) VALUES (54, 9, 'enim', 1680582, 2, '1996-06-16 16:40:49');
INSERT INTO `media` (`id`, `user_id`, `filename`, `size`, `media_type_id`, `created_at`) VALUES (55, 65, 'aut', 3508288, 1, '1977-01-25 08:52:11');
INSERT INTO `media` (`id`, `user_id`, `filename`, `size`, `media_type_id`, `created_at`) VALUES (56, 44, 'maxime', 782562, 2, '2001-06-12 02:59:21');
INSERT INTO `media` (`id`, `user_id`, `filename`, `size`, `media_type_id`, `created_at`) VALUES (57, 76, 'mollitia', 4509605, 1, '1987-10-14 02:56:26');
INSERT INTO `media` (`id`, `user_id`, `filename`, `size`, `media_type_id`, `created_at`) VALUES (58, 100, 'nobis', 6032470, 2, '1974-03-01 03:17:34');
INSERT INTO `media` (`id`, `user_id`, `filename`, `size`, `media_type_id`, `created_at`) VALUES (59, 35, 'amet', 8720247, 1, '1979-05-02 11:21:16');
INSERT INTO `media` (`id`, `user_id`, `filename`, `size`, `media_type_id`, `created_at`) VALUES (60, 65, 'cumque', 4922202, 2, '2003-09-05 11:46:18');
INSERT INTO `media` (`id`, `user_id`, `filename`, `size`, `media_type_id`, `created_at`) VALUES (61, 23, 'dolorem', 8657750, 1, '1976-09-10 11:23:43');
INSERT INTO `media` (`id`, `user_id`, `filename`, `size`, `media_type_id`, `created_at`) VALUES (62, 11, 'quisquam', 1821935, 2, '1984-12-20 23:44:06');
INSERT INTO `media` (`id`, `user_id`, `filename`, `size`, `media_type_id`, `created_at`) VALUES (63, 52, 'non', 1792039, 1, '2018-12-20 12:08:27');
INSERT INTO `media` (`id`, `user_id`, `filename`, `size`, `media_type_id`, `created_at`) VALUES (64, 92, 'et', 9528034, 2, '2016-03-01 16:11:25');
INSERT INTO `media` (`id`, `user_id`, `filename`, `size`, `media_type_id`, `created_at`) VALUES (65, 54, 'quis', 7110588, 1, '1972-01-09 11:10:56');
INSERT INTO `media` (`id`, `user_id`, `filename`, `size`, `media_type_id`, `created_at`) VALUES (66, 55, 'velit', 7341160, 2, '1985-07-11 18:15:29');
INSERT INTO `media` (`id`, `user_id`, `filename`, `size`, `media_type_id`, `created_at`) VALUES (67, 10, 'eos', 4643719, 1, '2012-09-27 17:00:38');
INSERT INTO `media` (`id`, `user_id`, `filename`, `size`, `media_type_id`, `created_at`) VALUES (68, 97, 'aut', 2049936, 2, '1985-08-11 03:56:26');
INSERT INTO `media` (`id`, `user_id`, `filename`, `size`, `media_type_id`, `created_at`) VALUES (69, 63, 'et', 4108574, 1, '2016-09-11 12:45:13');
INSERT INTO `media` (`id`, `user_id`, `filename`, `size`, `media_type_id`, `created_at`) VALUES (70, 12, 'nihil', 938383, 2, '2019-02-16 22:05:28');
INSERT INTO `media` (`id`, `user_id`, `filename`, `size`, `media_type_id`, `created_at`) VALUES (71, 29, 'suscipit', 2900732, 1, '2009-08-06 15:40:15');
INSERT INTO `media` (`id`, `user_id`, `filename`, `size`, `media_type_id`, `created_at`) VALUES (72, 48, 'doloribus', 8126297, 2, '2002-06-04 19:04:22');
INSERT INTO `media` (`id`, `user_id`, `filename`, `size`, `media_type_id`, `created_at`) VALUES (73, 54, 'iure', 8143625, 1, '1983-07-11 22:46:47');
INSERT INTO `media` (`id`, `user_id`, `filename`, `size`, `media_type_id`, `created_at`) VALUES (74, 48, 'consequatur', 9396698, 2, '1986-05-08 20:31:46');
INSERT INTO `media` (`id`, `user_id`, `filename`, `size`, `media_type_id`, `created_at`) VALUES (75, 13, 'ut', 9976499, 1, '1990-07-05 14:03:52');
INSERT INTO `media` (`id`, `user_id`, `filename`, `size`, `media_type_id`, `created_at`) VALUES (76, 57, 'omnis', 5604674, 2, '1995-10-11 04:15:45');
INSERT INTO `media` (`id`, `user_id`, `filename`, `size`, `media_type_id`, `created_at`) VALUES (77, 20, 'necessitatibus', 8920811, 1, '1981-09-08 20:52:22');
INSERT INTO `media` (`id`, `user_id`, `filename`, `size`, `media_type_id`, `created_at`) VALUES (78, 74, 'cumque', 3714628, 2, '1980-01-21 13:52:26');
INSERT INTO `media` (`id`, `user_id`, `filename`, `size`, `media_type_id`, `created_at`) VALUES (79, 51, 'placeat', 9571385, 1, '2014-01-04 20:05:11');
INSERT INTO `media` (`id`, `user_id`, `filename`, `size`, `media_type_id`, `created_at`) VALUES (80, 7, 'qui', 9006035, 2, '2015-06-11 20:10:03');
INSERT INTO `media` (`id`, `user_id`, `filename`, `size`, `media_type_id`, `created_at`) VALUES (81, 50, 'enim', 8583449, 1, '1982-07-03 15:32:37');
INSERT INTO `media` (`id`, `user_id`, `filename`, `size`, `media_type_id`, `created_at`) VALUES (82, 93, 'rerum', 9437797, 2, '1978-09-15 11:53:37');
INSERT INTO `media` (`id`, `user_id`, `filename`, `size`, `media_type_id`, `created_at`) VALUES (83, 59, 'velit', 5857986, 1, '1982-09-01 19:40:57');
INSERT INTO `media` (`id`, `user_id`, `filename`, `size`, `media_type_id`, `created_at`) VALUES (84, 21, 'ducimus', 5401746, 2, '1984-12-23 17:38:28');
INSERT INTO `media` (`id`, `user_id`, `filename`, `size`, `media_type_id`, `created_at`) VALUES (85, 56, 'qui', 8793939, 1, '1999-01-23 10:43:23');
INSERT INTO `media` (`id`, `user_id`, `filename`, `size`, `media_type_id`, `created_at`) VALUES (86, 69, 'dolores', 5523380, 2, '1972-09-01 21:23:35');
INSERT INTO `media` (`id`, `user_id`, `filename`, `size`, `media_type_id`, `created_at`) VALUES (87, 50, 'odio', 2008152, 1, '2013-09-18 05:44:45');
INSERT INTO `media` (`id`, `user_id`, `filename`, `size`, `media_type_id`, `created_at`) VALUES (88, 16, 'ducimus', 269741, 2, '2007-03-28 17:23:32');
INSERT INTO `media` (`id`, `user_id`, `filename`, `size`, `media_type_id`, `created_at`) VALUES (89, 45, 'sit', 8993276, 1, '2019-07-02 01:46:47');
INSERT INTO `media` (`id`, `user_id`, `filename`, `size`, `media_type_id`, `created_at`) VALUES (90, 75, 'temporibus', 7975807, 2, '2008-07-01 16:25:32');
INSERT INTO `media` (`id`, `user_id`, `filename`, `size`, `media_type_id`, `created_at`) VALUES (91, 38, 'voluptates', 2577581, 1, '1984-07-25 05:17:07');
INSERT INTO `media` (`id`, `user_id`, `filename`, `size`, `media_type_id`, `created_at`) VALUES (92, 48, 'molestiae', 7975088, 2, '1975-04-21 09:28:49');
INSERT INTO `media` (`id`, `user_id`, `filename`, `size`, `media_type_id`, `created_at`) VALUES (93, 55, 'ducimus', 7489314, 1, '2016-11-22 18:20:00');
INSERT INTO `media` (`id`, `user_id`, `filename`, `size`, `media_type_id`, `created_at`) VALUES (94, 56, 'quo', 7100512, 2, '1998-07-05 01:09:54');
INSERT INTO `media` (`id`, `user_id`, `filename`, `size`, `media_type_id`, `created_at`) VALUES (95, 39, 'fuga', 32050, 1, '2003-04-03 23:04:54');
INSERT INTO `media` (`id`, `user_id`, `filename`, `size`, `media_type_id`, `created_at`) VALUES (96, 73, 'dolor', 9855095, 2, '2017-06-30 19:24:27');
INSERT INTO `media` (`id`, `user_id`, `filename`, `size`, `media_type_id`, `created_at`) VALUES (97, 11, 'dolores', 5332760, 1, '1988-05-24 17:37:41');
INSERT INTO `media` (`id`, `user_id`, `filename`, `size`, `media_type_id`, `created_at`) VALUES (98, 65, 'ea', 3511921, 2, '2003-01-10 19:44:10');
INSERT INTO `media` (`id`, `user_id`, `filename`, `size`, `media_type_id`, `created_at`) VALUES (99, 93, 'est', 8813090, 1, '1982-04-05 09:01:57');
INSERT INTO `media` (`id`, `user_id`, `filename`, `size`, `media_type_id`, `created_at`) VALUES (100, 12, 'ipsum', 7139281, 2, '1974-07-10 14:15:27');


#
# TABLE STRUCTURE FOR: media_types
#

DROP TABLE IF EXISTS `media_types`;

CREATE TABLE `media_types` (
  `id` int(10) unsigned NOT NULL AUTO_INCREMENT,
  `name` varchar(255) COLLATE utf8mb4_unicode_ci NOT NULL,
  PRIMARY KEY (`id`),
  UNIQUE KEY `name` (`name`)
) ENGINE=InnoDB AUTO_INCREMENT=3 DEFAULT CHARSET=utf8mb4 COLLATE=utf8mb4_unicode_ci;

INSERT INTO `media_types` (`id`, `name`) VALUES (2, 'photo');
INSERT INTO `media_types` (`id`, `name`) VALUES (1, 'video');


#
# TABLE STRUCTURE FOR: national_cuisine
#

DROP TABLE IF EXISTS `national_cuisine`;

CREATE TABLE `national_cuisine` (
  `id` int(10) unsigned NOT NULL AUTO_INCREMENT,
  `name` varchar(50) COLLATE utf8mb4_unicode_ci NOT NULL,
  PRIMARY KEY (`id`)
) ENGINE=InnoDB AUTO_INCREMENT=21 DEFAULT CHARSET=utf8mb4 COLLATE=utf8mb4_unicode_ci;

INSERT INTO `national_cuisine` (`id`, `name`) VALUES (1, 'New Zealand');
INSERT INTO `national_cuisine` (`id`, `name`) VALUES (2, 'Saint Kitts and Nevis');
INSERT INTO `national_cuisine` (`id`, `name`) VALUES (3, 'Micronesia');
INSERT INTO `national_cuisine` (`id`, `name`) VALUES (4, 'Sao Tome and Principe');
INSERT INTO `national_cuisine` (`id`, `name`) VALUES (5, 'Sri Lanka');
INSERT INTO `national_cuisine` (`id`, `name`) VALUES (6, 'Papua New Guinea');
INSERT INTO `national_cuisine` (`id`, `name`) VALUES (7, 'Bolivia');
INSERT INTO `national_cuisine` (`id`, `name`) VALUES (8, 'Ireland');
INSERT INTO `national_cuisine` (`id`, `name`) VALUES (9, 'Pitcairn Islands');
INSERT INTO `national_cuisine` (`id`, `name`) VALUES (10, 'Jamaica');
INSERT INTO `national_cuisine` (`id`, `name`) VALUES (11, 'Niger');
INSERT INTO `national_cuisine` (`id`, `name`) VALUES (12, 'Solomon Islands');
INSERT INTO `national_cuisine` (`id`, `name`) VALUES (13, 'San Marino');
INSERT INTO `national_cuisine` (`id`, `name`) VALUES (14, 'Serbia');
INSERT INTO `national_cuisine` (`id`, `name`) VALUES (15, 'Belize');
INSERT INTO `national_cuisine` (`id`, `name`) VALUES (16, 'Djibouti');
INSERT INTO `national_cuisine` (`id`, `name`) VALUES (17, 'Dominica');
INSERT INTO `national_cuisine` (`id`, `name`) VALUES (18, 'Cuba');
INSERT INTO `national_cuisine` (`id`, `name`) VALUES (19, 'Morocco');
INSERT INTO `national_cuisine` (`id`, `name`) VALUES (20, 'Lithuania');


#
# TABLE STRUCTURE FOR: profiles
#

DROP TABLE IF EXISTS `profiles`;

CREATE TABLE `profiles` (
  `user_id` int(10) unsigned NOT NULL,
  `gender` enum("f","m") COLLATE utf8mb4_unicode_ci DEFAULT NULL,
  `birthday` date DEFAULT NULL,
  `city` varchar(130) COLLATE utf8mb4_unicode_ci DEFAULT NULL,
  `avatar_media_id` int(10) unsigned DEFAULT NULL,
  PRIMARY KEY (`user_id`)
) ENGINE=InnoDB DEFAULT CHARSET=utf8mb4 COLLATE=utf8mb4_unicode_ci;

INSERT INTO `profiles` (`user_id`, `gender`, `birthday`, `city`, `avatar_media_id`) VALUES (1, 'f', '1979-05-21', 'Gradymouth', 37);
INSERT INTO `profiles` (`user_id`, `gender`, `birthday`, `city`, `avatar_media_id`) VALUES (2, 'f', '2020-04-22', 'Wuckertbury', 62);
INSERT INTO `profiles` (`user_id`, `gender`, `birthday`, `city`, `avatar_media_id`) VALUES (3, 'm', '2013-06-17', 'Merlstad', 11);
INSERT INTO `profiles` (`user_id`, `gender`, `birthday`, `city`, `avatar_media_id`) VALUES (4, 'm', '2016-05-10', 'Neldaborough', 59);
INSERT INTO `profiles` (`user_id`, `gender`, `birthday`, `city`, `avatar_media_id`) VALUES (5, 'f', '1978-03-17', 'Schmittfort', 72);
INSERT INTO `profiles` (`user_id`, `gender`, `birthday`, `city`, `avatar_media_id`) VALUES (6, 'f', '1984-08-01', 'Mitchelside', 84);
INSERT INTO `profiles` (`user_id`, `gender`, `birthday`, `city`, `avatar_media_id`) VALUES (7, 'f', '2016-02-19', 'Balistreriville', 26);
INSERT INTO `profiles` (`user_id`, `gender`, `birthday`, `city`, `avatar_media_id`) VALUES (8, 'f', '2020-10-11', 'East Bobbymouth', 29);
INSERT INTO `profiles` (`user_id`, `gender`, `birthday`, `city`, `avatar_media_id`) VALUES (9, 'm', '2002-02-10', 'South Nicolas', 59);
INSERT INTO `profiles` (`user_id`, `gender`, `birthday`, `city`, `avatar_media_id`) VALUES (10, 'f', '1986-08-27', 'Amelyburgh', 8);
INSERT INTO `profiles` (`user_id`, `gender`, `birthday`, `city`, `avatar_media_id`) VALUES (11, 'm', '1999-09-07', 'North Krystinabury', 14);
INSERT INTO `profiles` (`user_id`, `gender`, `birthday`, `city`, `avatar_media_id`) VALUES (12, 'm', '2013-11-01', 'Port Rosietown', 90);
INSERT INTO `profiles` (`user_id`, `gender`, `birthday`, `city`, `avatar_media_id`) VALUES (13, 'm', '1997-12-27', 'Port Michaelmouth', 83);
INSERT INTO `profiles` (`user_id`, `gender`, `birthday`, `city`, `avatar_media_id`) VALUES (14, 'm', '1997-01-15', 'Alanisview', 30);
INSERT INTO `profiles` (`user_id`, `gender`, `birthday`, `city`, `avatar_media_id`) VALUES (15, 'f', '1990-12-10', 'Port Idella', 22);
INSERT INTO `profiles` (`user_id`, `gender`, `birthday`, `city`, `avatar_media_id`) VALUES (16, 'f', '2008-05-17', 'Lake Daynaside', 82);
INSERT INTO `profiles` (`user_id`, `gender`, `birthday`, `city`, `avatar_media_id`) VALUES (17, 'm', '2020-03-10', 'Maureenton', 8);
INSERT INTO `profiles` (`user_id`, `gender`, `birthday`, `city`, `avatar_media_id`) VALUES (18, 'f', '2017-07-27', 'New Charlene', 100);
INSERT INTO `profiles` (`user_id`, `gender`, `birthday`, `city`, `avatar_media_id`) VALUES (19, 'f', '2012-02-17', 'East Rosalindport', 20);
INSERT INTO `profiles` (`user_id`, `gender`, `birthday`, `city`, `avatar_media_id`) VALUES (20, 'm', '2018-02-06', 'Emardstad', 1);
INSERT INTO `profiles` (`user_id`, `gender`, `birthday`, `city`, `avatar_media_id`) VALUES (21, 'm', '2001-06-07', 'Dillanmouth', 58);
INSERT INTO `profiles` (`user_id`, `gender`, `birthday`, `city`, `avatar_media_id`) VALUES (22, 'f', '1997-07-26', 'North Gersonview', 68);
INSERT INTO `profiles` (`user_id`, `gender`, `birthday`, `city`, `avatar_media_id`) VALUES (23, 'm', '1977-03-13', 'Collierland', 15);
INSERT INTO `profiles` (`user_id`, `gender`, `birthday`, `city`, `avatar_media_id`) VALUES (24, 'f', '1998-06-23', 'Moorechester', 7);
INSERT INTO `profiles` (`user_id`, `gender`, `birthday`, `city`, `avatar_media_id`) VALUES (25, 'f', '1998-01-13', 'South Fred', 44);
INSERT INTO `profiles` (`user_id`, `gender`, `birthday`, `city`, `avatar_media_id`) VALUES (26, 'f', '1978-05-18', 'Monahanhaven', 51);
INSERT INTO `profiles` (`user_id`, `gender`, `birthday`, `city`, `avatar_media_id`) VALUES (27, 'm', '1987-02-04', 'Port Trey', 71);
INSERT INTO `profiles` (`user_id`, `gender`, `birthday`, `city`, `avatar_media_id`) VALUES (28, 'm', '1991-05-14', 'Elroytown', 61);
INSERT INTO `profiles` (`user_id`, `gender`, `birthday`, `city`, `avatar_media_id`) VALUES (29, 'm', '1979-04-23', 'Rowebury', 74);
INSERT INTO `profiles` (`user_id`, `gender`, `birthday`, `city`, `avatar_media_id`) VALUES (30, 'f', '2018-12-06', 'New Eugeniamouth', 79);
INSERT INTO `profiles` (`user_id`, `gender`, `birthday`, `city`, `avatar_media_id`) VALUES (31, 'f', '1984-04-13', 'Greenfelderton', 90);
INSERT INTO `profiles` (`user_id`, `gender`, `birthday`, `city`, `avatar_media_id`) VALUES (32, 'f', '1997-09-07', 'Antoninachester', 38);
INSERT INTO `profiles` (`user_id`, `gender`, `birthday`, `city`, `avatar_media_id`) VALUES (33, 'f', '1985-05-24', 'East Allenberg', 87);
INSERT INTO `profiles` (`user_id`, `gender`, `birthday`, `city`, `avatar_media_id`) VALUES (34, 'f', '2017-10-31', 'Leoraborough', 76);
INSERT INTO `profiles` (`user_id`, `gender`, `birthday`, `city`, `avatar_media_id`) VALUES (35, 'm', '2018-06-06', 'South Skylarmouth', 93);
INSERT INTO `profiles` (`user_id`, `gender`, `birthday`, `city`, `avatar_media_id`) VALUES (36, 'm', '1996-04-28', 'Ebertbury', 1);
INSERT INTO `profiles` (`user_id`, `gender`, `birthday`, `city`, `avatar_media_id`) VALUES (37, 'f', '1971-05-12', 'Port Donatoland', 70);
INSERT INTO `profiles` (`user_id`, `gender`, `birthday`, `city`, `avatar_media_id`) VALUES (38, 'f', '1987-08-12', 'Flatleytown', 2);
INSERT INTO `profiles` (`user_id`, `gender`, `birthday`, `city`, `avatar_media_id`) VALUES (39, 'm', '1985-08-17', 'Bobbyland', 74);
INSERT INTO `profiles` (`user_id`, `gender`, `birthday`, `city`, `avatar_media_id`) VALUES (40, 'm', '2014-03-05', 'South Craig', 7);
INSERT INTO `profiles` (`user_id`, `gender`, `birthday`, `city`, `avatar_media_id`) VALUES (41, 'm', '1986-09-15', 'Lake Janiemouth', 59);
INSERT INTO `profiles` (`user_id`, `gender`, `birthday`, `city`, `avatar_media_id`) VALUES (42, 'm', '1978-02-04', 'Port Stanley', 100);
INSERT INTO `profiles` (`user_id`, `gender`, `birthday`, `city`, `avatar_media_id`) VALUES (43, 'f', '2018-02-12', 'Vaughnborough', 19);
INSERT INTO `profiles` (`user_id`, `gender`, `birthday`, `city`, `avatar_media_id`) VALUES (44, 'm', '1994-12-01', 'Freemanberg', 19);
INSERT INTO `profiles` (`user_id`, `gender`, `birthday`, `city`, `avatar_media_id`) VALUES (45, 'm', '2005-07-06', 'Priscillaside', 79);
INSERT INTO `profiles` (`user_id`, `gender`, `birthday`, `city`, `avatar_media_id`) VALUES (46, 'f', '2002-08-18', 'West Shyann', 19);
INSERT INTO `profiles` (`user_id`, `gender`, `birthday`, `city`, `avatar_media_id`) VALUES (47, 'm', '2020-11-15', 'Reillyville', 63);
INSERT INTO `profiles` (`user_id`, `gender`, `birthday`, `city`, `avatar_media_id`) VALUES (48, 'f', '1974-06-10', 'Adamston', 63);
INSERT INTO `profiles` (`user_id`, `gender`, `birthday`, `city`, `avatar_media_id`) VALUES (49, 'm', '1973-05-30', 'Careyville', 70);
INSERT INTO `profiles` (`user_id`, `gender`, `birthday`, `city`, `avatar_media_id`) VALUES (50, 'f', '2014-06-01', 'New Eloy', 56);
INSERT INTO `profiles` (`user_id`, `gender`, `birthday`, `city`, `avatar_media_id`) VALUES (51, 'f', '2020-10-16', 'West Gia', 46);
INSERT INTO `profiles` (`user_id`, `gender`, `birthday`, `city`, `avatar_media_id`) VALUES (52, 'm', '2012-07-12', 'Alisonfurt', 48);
INSERT INTO `profiles` (`user_id`, `gender`, `birthday`, `city`, `avatar_media_id`) VALUES (53, 'm', '1985-05-10', 'Russelfurt', 68);
INSERT INTO `profiles` (`user_id`, `gender`, `birthday`, `city`, `avatar_media_id`) VALUES (54, 'f', '2005-09-16', 'East Jeraldland', 57);
INSERT INTO `profiles` (`user_id`, `gender`, `birthday`, `city`, `avatar_media_id`) VALUES (55, 'f', '1996-04-20', 'Rippinville', 66);
INSERT INTO `profiles` (`user_id`, `gender`, `birthday`, `city`, `avatar_media_id`) VALUES (56, 'm', '2011-09-10', 'Modestaport', 93);
INSERT INTO `profiles` (`user_id`, `gender`, `birthday`, `city`, `avatar_media_id`) VALUES (57, 'f', '1983-12-24', 'South Waltonberg', 24);
INSERT INTO `profiles` (`user_id`, `gender`, `birthday`, `city`, `avatar_media_id`) VALUES (58, 'm', '2010-12-24', 'Danteborough', 35);
INSERT INTO `profiles` (`user_id`, `gender`, `birthday`, `city`, `avatar_media_id`) VALUES (59, 'm', '1997-06-21', 'Wardview', 37);
INSERT INTO `profiles` (`user_id`, `gender`, `birthday`, `city`, `avatar_media_id`) VALUES (60, 'f', '1997-09-20', 'Kiarraport', 74);
INSERT INTO `profiles` (`user_id`, `gender`, `birthday`, `city`, `avatar_media_id`) VALUES (61, 'm', '2015-08-23', 'New Jovani', 44);
INSERT INTO `profiles` (`user_id`, `gender`, `birthday`, `city`, `avatar_media_id`) VALUES (62, 'f', '1979-09-13', 'North Frederiquebury', 90);
INSERT INTO `profiles` (`user_id`, `gender`, `birthday`, `city`, `avatar_media_id`) VALUES (63, 'm', '2008-01-30', 'Edburgh', 75);
INSERT INTO `profiles` (`user_id`, `gender`, `birthday`, `city`, `avatar_media_id`) VALUES (64, 'm', '2017-08-13', 'Feeneyburgh', 60);
INSERT INTO `profiles` (`user_id`, `gender`, `birthday`, `city`, `avatar_media_id`) VALUES (65, 'f', '2009-12-29', 'North Luz', 46);
INSERT INTO `profiles` (`user_id`, `gender`, `birthday`, `city`, `avatar_media_id`) VALUES (66, 'f', '2008-08-18', 'Haltown', 92);
INSERT INTO `profiles` (`user_id`, `gender`, `birthday`, `city`, `avatar_media_id`) VALUES (67, 'm', '2001-05-05', 'Ortizport', 53);
INSERT INTO `profiles` (`user_id`, `gender`, `birthday`, `city`, `avatar_media_id`) VALUES (68, 'm', '1971-05-17', 'Gracielabury', 74);
INSERT INTO `profiles` (`user_id`, `gender`, `birthday`, `city`, `avatar_media_id`) VALUES (69, 'm', '1995-08-17', 'Nitzscheport', 14);
INSERT INTO `profiles` (`user_id`, `gender`, `birthday`, `city`, `avatar_media_id`) VALUES (70, 'f', '2015-11-14', 'East Savanah', 78);
INSERT INTO `profiles` (`user_id`, `gender`, `birthday`, `city`, `avatar_media_id`) VALUES (71, 'm', '1980-01-09', 'North Abagail', 26);
INSERT INTO `profiles` (`user_id`, `gender`, `birthday`, `city`, `avatar_media_id`) VALUES (72, 'f', '2005-08-11', 'Rogahnland', 33);
INSERT INTO `profiles` (`user_id`, `gender`, `birthday`, `city`, `avatar_media_id`) VALUES (73, 'm', '1979-02-04', 'Rashadbury', 67);
INSERT INTO `profiles` (`user_id`, `gender`, `birthday`, `city`, `avatar_media_id`) VALUES (74, 'm', '1995-07-20', 'East Renee', 27);
INSERT INTO `profiles` (`user_id`, `gender`, `birthday`, `city`, `avatar_media_id`) VALUES (75, 'm', '2005-10-22', 'Schultzland', 22);
INSERT INTO `profiles` (`user_id`, `gender`, `birthday`, `city`, `avatar_media_id`) VALUES (76, 'm', '1992-07-28', 'South Laurine', 31);
INSERT INTO `profiles` (`user_id`, `gender`, `birthday`, `city`, `avatar_media_id`) VALUES (77, 'm', '1978-12-12', 'New Meghan', 79);
INSERT INTO `profiles` (`user_id`, `gender`, `birthday`, `city`, `avatar_media_id`) VALUES (78, 'm', '2004-12-23', 'New Fred', 59);
INSERT INTO `profiles` (`user_id`, `gender`, `birthday`, `city`, `avatar_media_id`) VALUES (79, 'm', '1990-04-14', 'West Princeport', 49);
INSERT INTO `profiles` (`user_id`, `gender`, `birthday`, `city`, `avatar_media_id`) VALUES (80, 'm', '1971-08-14', 'Stantonchester', 39);
INSERT INTO `profiles` (`user_id`, `gender`, `birthday`, `city`, `avatar_media_id`) VALUES (81, 'm', '1971-10-02', 'Jacobsbury', 74);
INSERT INTO `profiles` (`user_id`, `gender`, `birthday`, `city`, `avatar_media_id`) VALUES (82, 'f', '2018-11-08', 'Kileyburgh', 30);
INSERT INTO `profiles` (`user_id`, `gender`, `birthday`, `city`, `avatar_media_id`) VALUES (83, 'm', '1979-03-27', 'Wisokytown', 37);
INSERT INTO `profiles` (`user_id`, `gender`, `birthday`, `city`, `avatar_media_id`) VALUES (84, 'm', '2006-02-08', 'North Seamusborough', 51);
INSERT INTO `profiles` (`user_id`, `gender`, `birthday`, `city`, `avatar_media_id`) VALUES (85, 'm', '1973-07-21', 'New Gene', 19);
INSERT INTO `profiles` (`user_id`, `gender`, `birthday`, `city`, `avatar_media_id`) VALUES (86, 'f', '2008-10-23', 'Zanderfort', 89);
INSERT INTO `profiles` (`user_id`, `gender`, `birthday`, `city`, `avatar_media_id`) VALUES (87, 'f', '1991-06-21', 'Vadaland', 8);
INSERT INTO `profiles` (`user_id`, `gender`, `birthday`, `city`, `avatar_media_id`) VALUES (88, 'f', '2003-12-22', 'South Ned', 91);
INSERT INTO `profiles` (`user_id`, `gender`, `birthday`, `city`, `avatar_media_id`) VALUES (89, 'f', '1974-01-02', 'East Roxanneville', 2);
INSERT INTO `profiles` (`user_id`, `gender`, `birthday`, `city`, `avatar_media_id`) VALUES (90, 'f', '1995-10-18', 'Salliefurt', 73);
INSERT INTO `profiles` (`user_id`, `gender`, `birthday`, `city`, `avatar_media_id`) VALUES (91, 'f', '1989-11-08', 'Larkinshire', 24);
INSERT INTO `profiles` (`user_id`, `gender`, `birthday`, `city`, `avatar_media_id`) VALUES (92, 'f', '2018-01-17', 'South Connorville', 16);
INSERT INTO `profiles` (`user_id`, `gender`, `birthday`, `city`, `avatar_media_id`) VALUES (93, 'f', '2013-04-17', 'West Myrtle', 89);
INSERT INTO `profiles` (`user_id`, `gender`, `birthday`, `city`, `avatar_media_id`) VALUES (94, 'm', '1985-07-19', 'Lake Violaburgh', 38);
INSERT INTO `profiles` (`user_id`, `gender`, `birthday`, `city`, `avatar_media_id`) VALUES (95, 'f', '2020-03-29', 'Montanaton', 41);
INSERT INTO `profiles` (`user_id`, `gender`, `birthday`, `city`, `avatar_media_id`) VALUES (96, 'f', '2007-07-25', 'East Anikaview', 43);
INSERT INTO `profiles` (`user_id`, `gender`, `birthday`, `city`, `avatar_media_id`) VALUES (97, 'f', '2013-08-15', 'Lake Javier', 33);
INSERT INTO `profiles` (`user_id`, `gender`, `birthday`, `city`, `avatar_media_id`) VALUES (98, 'f', '1994-09-14', 'Melbafurt', 24);
INSERT INTO `profiles` (`user_id`, `gender`, `birthday`, `city`, `avatar_media_id`) VALUES (99, 'f', '1979-07-05', 'Cyrilberg', 96);
INSERT INTO `profiles` (`user_id`, `gender`, `birthday`, `city`, `avatar_media_id`) VALUES (100, 'm', '1993-01-04', 'South Jaycee', 72);


#
# TABLE STRUCTURE FOR: recipe_purpose
#

DROP TABLE IF EXISTS `recipe_purpose`;

CREATE TABLE `recipe_purpose` (
  `id` int(10) unsigned NOT NULL AUTO_INCREMENT,
  `recipe_purpose_categories_id` int(10) unsigned NOT NULL,
  `name` varchar(50) COLLATE utf8mb4_unicode_ci NOT NULL,
  PRIMARY KEY (`id`)
) ENGINE=InnoDB AUTO_INCREMENT=31 DEFAULT CHARSET=utf8mb4 COLLATE=utf8mb4_unicode_ci;

INSERT INTO `recipe_purpose` (`id`, `recipe_purpose_categories_id`, `name`) VALUES (1, 1, 'et');
INSERT INTO `recipe_purpose` (`id`, `recipe_purpose_categories_id`, `name`) VALUES (2, 2, 'nesciunt');
INSERT INTO `recipe_purpose` (`id`, `recipe_purpose_categories_id`, `name`) VALUES (3, 3, 'est');
INSERT INTO `recipe_purpose` (`id`, `recipe_purpose_categories_id`, `name`) VALUES (4, 4, 'quia');
INSERT INTO `recipe_purpose` (`id`, `recipe_purpose_categories_id`, `name`) VALUES (5, 5, 'rerum');
INSERT INTO `recipe_purpose` (`id`, `recipe_purpose_categories_id`, `name`) VALUES (6, 6, 'est');
INSERT INTO `recipe_purpose` (`id`, `recipe_purpose_categories_id`, `name`) VALUES (7, 7, 'quibusdam');
INSERT INTO `recipe_purpose` (`id`, `recipe_purpose_categories_id`, `name`) VALUES (8, 8, 'dolor');
INSERT INTO `recipe_purpose` (`id`, `recipe_purpose_categories_id`, `name`) VALUES (9, 9, 'saepe');
INSERT INTO `recipe_purpose` (`id`, `recipe_purpose_categories_id`, `name`) VALUES (10, 10, 'libero');
INSERT INTO `recipe_purpose` (`id`, `recipe_purpose_categories_id`, `name`) VALUES (11, 1, 'voluptatem');
INSERT INTO `recipe_purpose` (`id`, `recipe_purpose_categories_id`, `name`) VALUES (12, 2, 'optio');
INSERT INTO `recipe_purpose` (`id`, `recipe_purpose_categories_id`, `name`) VALUES (13, 3, 'amet');
INSERT INTO `recipe_purpose` (`id`, `recipe_purpose_categories_id`, `name`) VALUES (14, 4, 'eius');
INSERT INTO `recipe_purpose` (`id`, `recipe_purpose_categories_id`, `name`) VALUES (15, 5, 'neque');
INSERT INTO `recipe_purpose` (`id`, `recipe_purpose_categories_id`, `name`) VALUES (16, 6, 'illum');
INSERT INTO `recipe_purpose` (`id`, `recipe_purpose_categories_id`, `name`) VALUES (17, 7, 'ab');
INSERT INTO `recipe_purpose` (`id`, `recipe_purpose_categories_id`, `name`) VALUES (18, 8, 'cumque');
INSERT INTO `recipe_purpose` (`id`, `recipe_purpose_categories_id`, `name`) VALUES (19, 9, 'placeat');
INSERT INTO `recipe_purpose` (`id`, `recipe_purpose_categories_id`, `name`) VALUES (20, 10, 'et');
INSERT INTO `recipe_purpose` (`id`, `recipe_purpose_categories_id`, `name`) VALUES (21, 1, 'eos');
INSERT INTO `recipe_purpose` (`id`, `recipe_purpose_categories_id`, `name`) VALUES (22, 2, 'autem');
INSERT INTO `recipe_purpose` (`id`, `recipe_purpose_categories_id`, `name`) VALUES (23, 3, 'nobis');
INSERT INTO `recipe_purpose` (`id`, `recipe_purpose_categories_id`, `name`) VALUES (24, 4, 'nam');
INSERT INTO `recipe_purpose` (`id`, `recipe_purpose_categories_id`, `name`) VALUES (25, 5, 'enim');
INSERT INTO `recipe_purpose` (`id`, `recipe_purpose_categories_id`, `name`) VALUES (26, 6, 'quibusdam');
INSERT INTO `recipe_purpose` (`id`, `recipe_purpose_categories_id`, `name`) VALUES (27, 7, 'veniam');
INSERT INTO `recipe_purpose` (`id`, `recipe_purpose_categories_id`, `name`) VALUES (28, 8, 'aliquam');
INSERT INTO `recipe_purpose` (`id`, `recipe_purpose_categories_id`, `name`) VALUES (29, 9, 'dolorem');
INSERT INTO `recipe_purpose` (`id`, `recipe_purpose_categories_id`, `name`) VALUES (30, 10, 'et');


#
# TABLE STRUCTURE FOR: recipe_purpose_categories
#

DROP TABLE IF EXISTS `recipe_purpose_categories`;

CREATE TABLE `recipe_purpose_categories` (
  `id` int(10) unsigned NOT NULL AUTO_INCREMENT,
  `name` varchar(50) COLLATE utf8mb4_unicode_ci DEFAULT NULL,
  PRIMARY KEY (`id`)
) ENGINE=InnoDB AUTO_INCREMENT=11 DEFAULT CHARSET=utf8mb4 COLLATE=utf8mb4_unicode_ci;

INSERT INTO `recipe_purpose_categories` (`id`, `name`) VALUES (1, 'tempore');
INSERT INTO `recipe_purpose_categories` (`id`, `name`) VALUES (2, 'necessitatibus');
INSERT INTO `recipe_purpose_categories` (`id`, `name`) VALUES (3, 'aut');
INSERT INTO `recipe_purpose_categories` (`id`, `name`) VALUES (4, 'eaque');
INSERT INTO `recipe_purpose_categories` (`id`, `name`) VALUES (5, 'assumenda');
INSERT INTO `recipe_purpose_categories` (`id`, `name`) VALUES (6, 'tempore');
INSERT INTO `recipe_purpose_categories` (`id`, `name`) VALUES (7, 'quia');
INSERT INTO `recipe_purpose_categories` (`id`, `name`) VALUES (8, 'illo');
INSERT INTO `recipe_purpose_categories` (`id`, `name`) VALUES (9, 'dolorem');
INSERT INTO `recipe_purpose_categories` (`id`, `name`) VALUES (10, 'quis');


#
# TABLE STRUCTURE FOR: recipe_search
#

DROP TABLE IF EXISTS `recipe_search`;

CREATE TABLE `recipe_search` (
  `recipe_id` int(10) unsigned NOT NULL AUTO_INCREMENT,
  `dishes_id` int(10) unsigned DEFAULT NULL,
  `national_cuisine_id` int(10) unsigned DEFAULT NULL,
  `recipe_purpose_id` int(10) unsigned DEFAULT NULL,
  PRIMARY KEY (`recipe_id`)
) ENGINE=InnoDB AUTO_INCREMENT=101 DEFAULT CHARSET=utf8mb4 COLLATE=utf8mb4_unicode_ci;

INSERT INTO `recipe_search` (`recipe_id`, `dishes_id`, `national_cuisine_id`, `recipe_purpose_id`) VALUES (1, 1, 1, 1);
INSERT INTO `recipe_search` (`recipe_id`, `dishes_id`, `national_cuisine_id`, `recipe_purpose_id`) VALUES (2, 2, 2, 2);
INSERT INTO `recipe_search` (`recipe_id`, `dishes_id`, `national_cuisine_id`, `recipe_purpose_id`) VALUES (3, 3, 3, 3);
INSERT INTO `recipe_search` (`recipe_id`, `dishes_id`, `national_cuisine_id`, `recipe_purpose_id`) VALUES (4, 4, 4, 4);
INSERT INTO `recipe_search` (`recipe_id`, `dishes_id`, `national_cuisine_id`, `recipe_purpose_id`) VALUES (5, 5, 5, 5);
INSERT INTO `recipe_search` (`recipe_id`, `dishes_id`, `national_cuisine_id`, `recipe_purpose_id`) VALUES (6, 6, 6, 6);
INSERT INTO `recipe_search` (`recipe_id`, `dishes_id`, `national_cuisine_id`, `recipe_purpose_id`) VALUES (7, 7, 7, 7);
INSERT INTO `recipe_search` (`recipe_id`, `dishes_id`, `national_cuisine_id`, `recipe_purpose_id`) VALUES (8, 8, 8, 8);
INSERT INTO `recipe_search` (`recipe_id`, `dishes_id`, `national_cuisine_id`, `recipe_purpose_id`) VALUES (9, 9, 9, 9);
INSERT INTO `recipe_search` (`recipe_id`, `dishes_id`, `national_cuisine_id`, `recipe_purpose_id`) VALUES (10, 10, 10, 10);
INSERT INTO `recipe_search` (`recipe_id`, `dishes_id`, `national_cuisine_id`, `recipe_purpose_id`) VALUES (11, 11, 11, 11);
INSERT INTO `recipe_search` (`recipe_id`, `dishes_id`, `national_cuisine_id`, `recipe_purpose_id`) VALUES (12, 12, 12, 12);
INSERT INTO `recipe_search` (`recipe_id`, `dishes_id`, `national_cuisine_id`, `recipe_purpose_id`) VALUES (13, 13, 13, 13);
INSERT INTO `recipe_search` (`recipe_id`, `dishes_id`, `national_cuisine_id`, `recipe_purpose_id`) VALUES (14, 14, 14, 14);
INSERT INTO `recipe_search` (`recipe_id`, `dishes_id`, `national_cuisine_id`, `recipe_purpose_id`) VALUES (15, 15, 15, 15);
INSERT INTO `recipe_search` (`recipe_id`, `dishes_id`, `national_cuisine_id`, `recipe_purpose_id`) VALUES (16, 16, 16, 16);
INSERT INTO `recipe_search` (`recipe_id`, `dishes_id`, `national_cuisine_id`, `recipe_purpose_id`) VALUES (17, 17, 17, 17);
INSERT INTO `recipe_search` (`recipe_id`, `dishes_id`, `national_cuisine_id`, `recipe_purpose_id`) VALUES (18, 18, 18, 18);
INSERT INTO `recipe_search` (`recipe_id`, `dishes_id`, `national_cuisine_id`, `recipe_purpose_id`) VALUES (19, 19, 19, 19);
INSERT INTO `recipe_search` (`recipe_id`, `dishes_id`, `national_cuisine_id`, `recipe_purpose_id`) VALUES (20, 20, 20, 20);
INSERT INTO `recipe_search` (`recipe_id`, `dishes_id`, `national_cuisine_id`, `recipe_purpose_id`) VALUES (21, 21, 1, 21);
INSERT INTO `recipe_search` (`recipe_id`, `dishes_id`, `national_cuisine_id`, `recipe_purpose_id`) VALUES (22, 22, 2, 22);
INSERT INTO `recipe_search` (`recipe_id`, `dishes_id`, `national_cuisine_id`, `recipe_purpose_id`) VALUES (23, 23, 3, 23);
INSERT INTO `recipe_search` (`recipe_id`, `dishes_id`, `national_cuisine_id`, `recipe_purpose_id`) VALUES (24, 24, 4, 24);
INSERT INTO `recipe_search` (`recipe_id`, `dishes_id`, `national_cuisine_id`, `recipe_purpose_id`) VALUES (25, 25, 5, 25);
INSERT INTO `recipe_search` (`recipe_id`, `dishes_id`, `national_cuisine_id`, `recipe_purpose_id`) VALUES (26, 26, 6, 26);
INSERT INTO `recipe_search` (`recipe_id`, `dishes_id`, `national_cuisine_id`, `recipe_purpose_id`) VALUES (27, 27, 7, 27);
INSERT INTO `recipe_search` (`recipe_id`, `dishes_id`, `national_cuisine_id`, `recipe_purpose_id`) VALUES (28, 28, 8, 28);
INSERT INTO `recipe_search` (`recipe_id`, `dishes_id`, `national_cuisine_id`, `recipe_purpose_id`) VALUES (29, 29, 9, 29);
INSERT INTO `recipe_search` (`recipe_id`, `dishes_id`, `national_cuisine_id`, `recipe_purpose_id`) VALUES (30, 30, 10, 30);
INSERT INTO `recipe_search` (`recipe_id`, `dishes_id`, `national_cuisine_id`, `recipe_purpose_id`) VALUES (31, 1, 11, 1);
INSERT INTO `recipe_search` (`recipe_id`, `dishes_id`, `national_cuisine_id`, `recipe_purpose_id`) VALUES (32, 2, 12, 2);
INSERT INTO `recipe_search` (`recipe_id`, `dishes_id`, `national_cuisine_id`, `recipe_purpose_id`) VALUES (33, 3, 13, 3);
INSERT INTO `recipe_search` (`recipe_id`, `dishes_id`, `national_cuisine_id`, `recipe_purpose_id`) VALUES (34, 4, 14, 4);
INSERT INTO `recipe_search` (`recipe_id`, `dishes_id`, `national_cuisine_id`, `recipe_purpose_id`) VALUES (35, 5, 15, 5);
INSERT INTO `recipe_search` (`recipe_id`, `dishes_id`, `national_cuisine_id`, `recipe_purpose_id`) VALUES (36, 6, 16, 6);
INSERT INTO `recipe_search` (`recipe_id`, `dishes_id`, `national_cuisine_id`, `recipe_purpose_id`) VALUES (37, 7, 17, 7);
INSERT INTO `recipe_search` (`recipe_id`, `dishes_id`, `national_cuisine_id`, `recipe_purpose_id`) VALUES (38, 8, 18, 8);
INSERT INTO `recipe_search` (`recipe_id`, `dishes_id`, `national_cuisine_id`, `recipe_purpose_id`) VALUES (39, 9, 19, 9);
INSERT INTO `recipe_search` (`recipe_id`, `dishes_id`, `national_cuisine_id`, `recipe_purpose_id`) VALUES (40, 10, 20, 10);
INSERT INTO `recipe_search` (`recipe_id`, `dishes_id`, `national_cuisine_id`, `recipe_purpose_id`) VALUES (41, 11, 1, 11);
INSERT INTO `recipe_search` (`recipe_id`, `dishes_id`, `national_cuisine_id`, `recipe_purpose_id`) VALUES (42, 12, 2, 12);
INSERT INTO `recipe_search` (`recipe_id`, `dishes_id`, `national_cuisine_id`, `recipe_purpose_id`) VALUES (43, 13, 3, 13);
INSERT INTO `recipe_search` (`recipe_id`, `dishes_id`, `national_cuisine_id`, `recipe_purpose_id`) VALUES (44, 14, 4, 14);
INSERT INTO `recipe_search` (`recipe_id`, `dishes_id`, `national_cuisine_id`, `recipe_purpose_id`) VALUES (45, 15, 5, 15);
INSERT INTO `recipe_search` (`recipe_id`, `dishes_id`, `national_cuisine_id`, `recipe_purpose_id`) VALUES (46, 16, 6, 16);
INSERT INTO `recipe_search` (`recipe_id`, `dishes_id`, `national_cuisine_id`, `recipe_purpose_id`) VALUES (47, 17, 7, 17);
INSERT INTO `recipe_search` (`recipe_id`, `dishes_id`, `national_cuisine_id`, `recipe_purpose_id`) VALUES (48, 18, 8, 18);
INSERT INTO `recipe_search` (`recipe_id`, `dishes_id`, `national_cuisine_id`, `recipe_purpose_id`) VALUES (49, 19, 9, 19);
INSERT INTO `recipe_search` (`recipe_id`, `dishes_id`, `national_cuisine_id`, `recipe_purpose_id`) VALUES (50, 20, 10, 20);
INSERT INTO `recipe_search` (`recipe_id`, `dishes_id`, `national_cuisine_id`, `recipe_purpose_id`) VALUES (51, 21, 11, 21);
INSERT INTO `recipe_search` (`recipe_id`, `dishes_id`, `national_cuisine_id`, `recipe_purpose_id`) VALUES (52, 22, 12, 22);
INSERT INTO `recipe_search` (`recipe_id`, `dishes_id`, `national_cuisine_id`, `recipe_purpose_id`) VALUES (53, 23, 13, 23);
INSERT INTO `recipe_search` (`recipe_id`, `dishes_id`, `national_cuisine_id`, `recipe_purpose_id`) VALUES (54, 24, 14, 24);
INSERT INTO `recipe_search` (`recipe_id`, `dishes_id`, `national_cuisine_id`, `recipe_purpose_id`) VALUES (55, 25, 15, 25);
INSERT INTO `recipe_search` (`recipe_id`, `dishes_id`, `national_cuisine_id`, `recipe_purpose_id`) VALUES (56, 26, 16, 26);
INSERT INTO `recipe_search` (`recipe_id`, `dishes_id`, `national_cuisine_id`, `recipe_purpose_id`) VALUES (57, 27, 17, 27);
INSERT INTO `recipe_search` (`recipe_id`, `dishes_id`, `national_cuisine_id`, `recipe_purpose_id`) VALUES (58, 28, 18, 28);
INSERT INTO `recipe_search` (`recipe_id`, `dishes_id`, `national_cuisine_id`, `recipe_purpose_id`) VALUES (59, 29, 19, 29);
INSERT INTO `recipe_search` (`recipe_id`, `dishes_id`, `national_cuisine_id`, `recipe_purpose_id`) VALUES (60, 30, 20, 30);
INSERT INTO `recipe_search` (`recipe_id`, `dishes_id`, `national_cuisine_id`, `recipe_purpose_id`) VALUES (61, 1, 1, 1);
INSERT INTO `recipe_search` (`recipe_id`, `dishes_id`, `national_cuisine_id`, `recipe_purpose_id`) VALUES (62, 2, 2, 2);
INSERT INTO `recipe_search` (`recipe_id`, `dishes_id`, `national_cuisine_id`, `recipe_purpose_id`) VALUES (63, 3, 3, 3);
INSERT INTO `recipe_search` (`recipe_id`, `dishes_id`, `national_cuisine_id`, `recipe_purpose_id`) VALUES (64, 4, 4, 4);
INSERT INTO `recipe_search` (`recipe_id`, `dishes_id`, `national_cuisine_id`, `recipe_purpose_id`) VALUES (65, 5, 5, 5);
INSERT INTO `recipe_search` (`recipe_id`, `dishes_id`, `national_cuisine_id`, `recipe_purpose_id`) VALUES (66, 6, 6, 6);
INSERT INTO `recipe_search` (`recipe_id`, `dishes_id`, `national_cuisine_id`, `recipe_purpose_id`) VALUES (67, 7, 7, 7);
INSERT INTO `recipe_search` (`recipe_id`, `dishes_id`, `national_cuisine_id`, `recipe_purpose_id`) VALUES (68, 8, 8, 8);
INSERT INTO `recipe_search` (`recipe_id`, `dishes_id`, `national_cuisine_id`, `recipe_purpose_id`) VALUES (69, 9, 9, 9);
INSERT INTO `recipe_search` (`recipe_id`, `dishes_id`, `national_cuisine_id`, `recipe_purpose_id`) VALUES (70, 10, 10, 10);
INSERT INTO `recipe_search` (`recipe_id`, `dishes_id`, `national_cuisine_id`, `recipe_purpose_id`) VALUES (71, 11, 11, 11);
INSERT INTO `recipe_search` (`recipe_id`, `dishes_id`, `national_cuisine_id`, `recipe_purpose_id`) VALUES (72, 12, 12, 12);
INSERT INTO `recipe_search` (`recipe_id`, `dishes_id`, `national_cuisine_id`, `recipe_purpose_id`) VALUES (73, 13, 13, 13);
INSERT INTO `recipe_search` (`recipe_id`, `dishes_id`, `national_cuisine_id`, `recipe_purpose_id`) VALUES (74, 14, 14, 14);
INSERT INTO `recipe_search` (`recipe_id`, `dishes_id`, `national_cuisine_id`, `recipe_purpose_id`) VALUES (75, 15, 15, 15);
INSERT INTO `recipe_search` (`recipe_id`, `dishes_id`, `national_cuisine_id`, `recipe_purpose_id`) VALUES (76, 16, 16, 16);
INSERT INTO `recipe_search` (`recipe_id`, `dishes_id`, `national_cuisine_id`, `recipe_purpose_id`) VALUES (77, 17, 17, 17);
INSERT INTO `recipe_search` (`recipe_id`, `dishes_id`, `national_cuisine_id`, `recipe_purpose_id`) VALUES (78, 18, 18, 18);
INSERT INTO `recipe_search` (`recipe_id`, `dishes_id`, `national_cuisine_id`, `recipe_purpose_id`) VALUES (79, 19, 19, 19);
INSERT INTO `recipe_search` (`recipe_id`, `dishes_id`, `national_cuisine_id`, `recipe_purpose_id`) VALUES (80, 20, 20, 20);
INSERT INTO `recipe_search` (`recipe_id`, `dishes_id`, `national_cuisine_id`, `recipe_purpose_id`) VALUES (81, 21, 1, 21);
INSERT INTO `recipe_search` (`recipe_id`, `dishes_id`, `national_cuisine_id`, `recipe_purpose_id`) VALUES (82, 22, 2, 22);
INSERT INTO `recipe_search` (`recipe_id`, `dishes_id`, `national_cuisine_id`, `recipe_purpose_id`) VALUES (83, 23, 3, 23);
INSERT INTO `recipe_search` (`recipe_id`, `dishes_id`, `national_cuisine_id`, `recipe_purpose_id`) VALUES (84, 24, 4, 24);
INSERT INTO `recipe_search` (`recipe_id`, `dishes_id`, `national_cuisine_id`, `recipe_purpose_id`) VALUES (85, 25, 5, 25);
INSERT INTO `recipe_search` (`recipe_id`, `dishes_id`, `national_cuisine_id`, `recipe_purpose_id`) VALUES (86, 26, 6, 26);
INSERT INTO `recipe_search` (`recipe_id`, `dishes_id`, `national_cuisine_id`, `recipe_purpose_id`) VALUES (87, 27, 7, 27);
INSERT INTO `recipe_search` (`recipe_id`, `dishes_id`, `national_cuisine_id`, `recipe_purpose_id`) VALUES (88, 28, 8, 28);
INSERT INTO `recipe_search` (`recipe_id`, `dishes_id`, `national_cuisine_id`, `recipe_purpose_id`) VALUES (89, 29, 9, 29);
INSERT INTO `recipe_search` (`recipe_id`, `dishes_id`, `national_cuisine_id`, `recipe_purpose_id`) VALUES (90, 30, 10, 30);
INSERT INTO `recipe_search` (`recipe_id`, `dishes_id`, `national_cuisine_id`, `recipe_purpose_id`) VALUES (91, 1, 11, 1);
INSERT INTO `recipe_search` (`recipe_id`, `dishes_id`, `national_cuisine_id`, `recipe_purpose_id`) VALUES (92, 2, 12, 2);
INSERT INTO `recipe_search` (`recipe_id`, `dishes_id`, `national_cuisine_id`, `recipe_purpose_id`) VALUES (93, 3, 13, 3);
INSERT INTO `recipe_search` (`recipe_id`, `dishes_id`, `national_cuisine_id`, `recipe_purpose_id`) VALUES (94, 4, 14, 4);
INSERT INTO `recipe_search` (`recipe_id`, `dishes_id`, `national_cuisine_id`, `recipe_purpose_id`) VALUES (95, 5, 15, 5);
INSERT INTO `recipe_search` (`recipe_id`, `dishes_id`, `national_cuisine_id`, `recipe_purpose_id`) VALUES (96, 6, 16, 6);
INSERT INTO `recipe_search` (`recipe_id`, `dishes_id`, `national_cuisine_id`, `recipe_purpose_id`) VALUES (97, 7, 17, 7);
INSERT INTO `recipe_search` (`recipe_id`, `dishes_id`, `national_cuisine_id`, `recipe_purpose_id`) VALUES (98, 8, 18, 8);
INSERT INTO `recipe_search` (`recipe_id`, `dishes_id`, `national_cuisine_id`, `recipe_purpose_id`) VALUES (99, 9, 19, 9);
INSERT INTO `recipe_search` (`recipe_id`, `dishes_id`, `national_cuisine_id`, `recipe_purpose_id`) VALUES (100, 10, 20, 10);


#
# TABLE STRUCTURE FOR: recipes
#

DROP TABLE IF EXISTS `recipes`;

CREATE TABLE `recipes` (
  `id` int(10) unsigned NOT NULL AUTO_INCREMENT,
  `user_id` int(10) unsigned NOT NULL,
  `name` varchar(50) COLLATE utf8mb4_unicode_ci NOT NULL,
  `ingredients` text COLLATE utf8mb4_unicode_ci NOT NULL,
  `recipe` text COLLATE utf8mb4_unicode_ci NOT NULL,
  `number_of_likes` int(10) unsigned NOT NULL DEFAULT 0,
  `created_at` datetime DEFAULT current_timestamp(),
  PRIMARY KEY (`id`)
) ENGINE=InnoDB AUTO_INCREMENT=101 DEFAULT CHARSET=utf8mb4 COLLATE=utf8mb4_unicode_ci;

INSERT INTO `recipes` (`id`, `user_id`, `name`, `ingredients`, `recipe`, `number_of_likes`, `created_at`) VALUES (1, 47, 'veritatis', 'Quibusdam neque ea non doloremque vel ut qui. Vitae molestiae autem inventore ipsa eos. Porro nisi sint est ipsam quibusdam.', 'Voluptate maxime id rerum totam et. Ut qui vitae molestiae nihil dolores non.', 330, '2005-10-03 00:02:32');
INSERT INTO `recipes` (`id`, `user_id`, `name`, `ingredients`, `recipe`, `number_of_likes`, `created_at`) VALUES (2, 37, 'veniam', 'Vel doloribus voluptas maiores est mollitia dolor. Adipisci quis dolores sunt esse tempore. Vel nobis consequatur necessitatibus culpa.', 'Ut eum voluptatum cumque esse dignissimos praesentium recusandae molestias. Deleniti et et repellat voluptatem rerum. Consequatur et rerum aspernatur voluptas atque et accusantium.', 460, '2018-07-11 23:35:17');
INSERT INTO `recipes` (`id`, `user_id`, `name`, `ingredients`, `recipe`, `number_of_likes`, `created_at`) VALUES (3, 67, 'nobis', 'Numquam quaerat dolor corporis quia recusandae amet. Inventore rerum eveniet et voluptatem numquam aliquam id optio. Eligendi aut illo voluptatum ea natus et impedit.', 'Aliquid accusantium et nobis saepe quidem voluptatem. Distinctio consectetur molestiae et quia perspiciatis dicta. In mollitia est atque quia saepe dolore.', 196, '1989-06-30 09:54:38');
INSERT INTO `recipes` (`id`, `user_id`, `name`, `ingredients`, `recipe`, `number_of_likes`, `created_at`) VALUES (4, 34, 'sed', 'Id neque et a et ut fugiat aut. Omnis sed consequatur necessitatibus voluptate alias et. Aliquam voluptatem doloremque eveniet est earum.', 'Modi voluptas voluptatem tempore ullam. Quia sunt numquam ipsa.\nAperiam dolorem accusantium debitis quidem velit. Autem et rem suscipit magnam ut.', 16, '2006-04-18 16:48:58');
INSERT INTO `recipes` (`id`, `user_id`, `name`, `ingredients`, `recipe`, `number_of_likes`, `created_at`) VALUES (5, 48, 'odit', 'Sequi et harum nobis aut. Ratione aut quia dolor sequi laboriosam. Fuga odit saepe voluptates saepe qui magni enim.', 'Et laboriosam quis illum totam quam soluta quibusdam. Corrupti nemo saepe voluptate possimus est. Ut ea maiores facere voluptas.', 407, '1978-09-02 05:33:15');
INSERT INTO `recipes` (`id`, `user_id`, `name`, `ingredients`, `recipe`, `number_of_likes`, `created_at`) VALUES (6, 39, 'eos', 'Facilis laboriosam et sed possimus non ex. Illum ullam voluptates ea sunt perspiciatis nesciunt velit voluptatum. Odit neque qui debitis facere et officia.', 'Omnis quo nobis quam pariatur consequatur accusantium provident. Iure quis fugiat eum natus nulla non. Earum sint sed et impedit. Fugit voluptatem et id voluptas esse.', 390, '2017-10-18 20:00:37');
INSERT INTO `recipes` (`id`, `user_id`, `name`, `ingredients`, `recipe`, `number_of_likes`, `created_at`) VALUES (7, 19, 'exercitationem', 'Dignissimos unde deserunt dolorum quia. Possimus quis sed sint amet laudantium. Omnis iste consequuntur qui aut commodi.', 'Amet harum aut voluptatem ut consequatur voluptas nihil. Eligendi est explicabo ut iusto. Quo ratione eum qui molestiae perspiciatis quidem. Ullam odit nesciunt repellat.', 366, '2013-11-26 03:15:41');
INSERT INTO `recipes` (`id`, `user_id`, `name`, `ingredients`, `recipe`, `number_of_likes`, `created_at`) VALUES (8, 33, 'quia', 'Possimus ex et ullam cumque. Deleniti blanditiis praesentium ut earum expedita. Tempore vel sit dolores et sunt. Possimus quia alias consequatur alias ut.', 'Ullam et nostrum voluptatum ea veritatis animi. Dignissimos id nihil quibusdam rerum eos aut magnam. Sunt libero sapiente vero dolore repellendus non.', 165, '1978-08-14 09:22:05');
INSERT INTO `recipes` (`id`, `user_id`, `name`, `ingredients`, `recipe`, `number_of_likes`, `created_at`) VALUES (9, 8, 'sit', 'Aut ut nam suscipit enim. Et eum qui sit quia voluptatem hic repellendus et. Sit minima omnis repellendus est ad sed omnis. Doloribus dolorum exercitationem aliquid sequi ut reprehenderit.', 'Tempora cum nulla omnis veniam vel. Est necessitatibus qui ut inventore iusto in. Ipsam mollitia deleniti at saepe. Qui ut id quia et atque.', 280, '1972-05-13 18:33:24');
INSERT INTO `recipes` (`id`, `user_id`, `name`, `ingredients`, `recipe`, `number_of_likes`, `created_at`) VALUES (10, 23, 'itaque', 'Mollitia rerum libero ducimus possimus. Eveniet possimus sit id et. Animi architecto maiores aliquid quod quibusdam. Sit quia voluptatum nulla. Quia est inventore enim minima repudiandae sit.', 'Ea culpa dolorem in rerum cum eum. Aut labore magnam ipsa dolorem est laborum iusto. Quos illo voluptatem ea laborum quae nihil.', 364, '1989-02-10 22:16:19');
INSERT INTO `recipes` (`id`, `user_id`, `name`, `ingredients`, `recipe`, `number_of_likes`, `created_at`) VALUES (11, 52, 'rerum', 'Aperiam numquam quia accusamus delectus aut. Ratione ab consequatur ut non neque. Deserunt placeat asperiores aperiam nihil quo. Aliquid optio qui et dolor et doloribus velit.', 'Totam reiciendis sed animi sint quidem voluptas ut. Minima sapiente quasi sequi enim voluptatem. Ipsum dignissimos aut quia. Et accusamus numquam saepe voluptatem.', 368, '1990-08-26 21:13:47');
INSERT INTO `recipes` (`id`, `user_id`, `name`, `ingredients`, `recipe`, `number_of_likes`, `created_at`) VALUES (12, 92, 'et', 'Omnis cumque enim suscipit corporis enim. Est reiciendis beatae repudiandae quaerat. In omnis praesentium nam et nulla. Voluptate et sint qui et sed suscipit corrupti mollitia.', 'Ab exercitationem minus odio nemo natus est. Laudantium dolorum qui et repellendus blanditiis error. Sed eius occaecati illum. Voluptas accusamus itaque optio quas incidunt dicta.', 7, '1986-03-25 09:49:25');
INSERT INTO `recipes` (`id`, `user_id`, `name`, `ingredients`, `recipe`, `number_of_likes`, `created_at`) VALUES (13, 56, 'necessitatibus', 'Error asperiores ducimus voluptatem praesentium. Facere modi dolor laborum repudiandae sint eos impedit. Sit ad in aut adipisci. Ut ratione itaque sint ea quibusdam ratione in.', 'Aut illum dolorem numquam ut nemo nulla alias. Nesciunt quia velit nulla iste ut aliquam. Voluptatibus ratione voluptatem explicabo provident.', 317, '1996-09-25 19:18:59');
INSERT INTO `recipes` (`id`, `user_id`, `name`, `ingredients`, `recipe`, `number_of_likes`, `created_at`) VALUES (14, 45, 'voluptatem', 'Et velit sunt ut et rerum. Ut unde non adipisci labore nostrum quas fugiat. Vel vel facere nobis numquam consequatur. Sunt corrupti est qui architecto et.', 'Omnis ut dolorem ut voluptates. Quo beatae tempora porro sunt. Molestiae atque sapiente provident.', 245, '2001-04-08 00:00:13');
INSERT INTO `recipes` (`id`, `user_id`, `name`, `ingredients`, `recipe`, `number_of_likes`, `created_at`) VALUES (15, 16, 'sint', 'Exercitationem eum architecto cumque est sed. Quia culpa qui soluta qui magni saepe accusamus. Suscipit eum consectetur doloribus nostrum.', 'Odit alias consequatur ut reiciendis. Magni iusto voluptatem illo iusto soluta deserunt. Eaque similique enim delectus quis voluptatem earum.', 88, '2014-02-26 13:52:29');
INSERT INTO `recipes` (`id`, `user_id`, `name`, `ingredients`, `recipe`, `number_of_likes`, `created_at`) VALUES (16, 14, 'repudiandae', 'Aut ut itaque voluptates corrupti veritatis ratione amet qui. Dolor provident illum pariatur et. Et quae fugit itaque. Voluptatem aut magni incidunt perferendis et.', 'Dolorum autem magni saepe est ex dolore omnis. Dolor libero nobis dolores sunt qui velit rem. Impedit tenetur at voluptates non voluptas magnam velit. Consequuntur nesciunt repellendus dolorem.', 171, '1975-10-28 13:25:26');
INSERT INTO `recipes` (`id`, `user_id`, `name`, `ingredients`, `recipe`, `number_of_likes`, `created_at`) VALUES (17, 53, 'totam', 'Excepturi quisquam voluptas quisquam odit et. Cumque ut et amet rerum aut sint. Nihil ullam dolores rem ipsam tempora ut.', 'Provident quia necessitatibus suscipit cumque cumque maiores vero atque. Ducimus iste est voluptatum. Rerum quod in eaque dolor. Ut quia mollitia debitis ullam fugit.', 257, '1988-02-29 06:15:55');
INSERT INTO `recipes` (`id`, `user_id`, `name`, `ingredients`, `recipe`, `number_of_likes`, `created_at`) VALUES (18, 51, 'laborum', 'Et reprehenderit facilis et est quasi distinctio praesentium. Incidunt aspernatur aut vitae vel tempore quod.', 'Perspiciatis dolores quo impedit amet ea. Qui voluptatem vel quis quo.', 103, '1978-09-25 06:30:19');
INSERT INTO `recipes` (`id`, `user_id`, `name`, `ingredients`, `recipe`, `number_of_likes`, `created_at`) VALUES (19, 52, 'id', 'Beatae ab tenetur ipsum non in vero. Ad alias ullam dolorem placeat. Consequatur illum ipsa quis quam voluptatem blanditiis quo commodi. Facere officiis occaecati consequatur magnam sed esse modi.', 'Enim nostrum alias quia sed id unde necessitatibus. Sed inventore quos commodi sequi. Nihil enim qui quis consequatur autem hic doloribus. Non voluptatem quibusdam odio et et ut perferendis.', 481, '2005-02-22 03:26:07');
INSERT INTO `recipes` (`id`, `user_id`, `name`, `ingredients`, `recipe`, `number_of_likes`, `created_at`) VALUES (20, 27, 'et', 'Ab fugit animi nostrum voluptas alias aspernatur blanditiis expedita. Quidem ut est in. In earum sed eveniet est consectetur.', 'Voluptate velit non non nemo. Hic sit temporibus suscipit modi officia illo ipsum.', 52, '1975-02-05 22:10:03');
INSERT INTO `recipes` (`id`, `user_id`, `name`, `ingredients`, `recipe`, `number_of_likes`, `created_at`) VALUES (21, 75, 'temporibus', 'Ipsa voluptas aut ea quia enim perspiciatis. Et fugit quasi voluptatem et omnis eligendi. Rerum natus dolorem corrupti et ullam sequi. Id et ab ducimus qui odit earum sit.', 'Reiciendis consequatur culpa impedit minima. Vitae eos alias sunt laborum voluptates voluptatem nulla. Et aperiam perferendis cumque inventore at totam. Excepturi doloremque est rerum rem est.', 429, '1994-04-14 04:40:37');
INSERT INTO `recipes` (`id`, `user_id`, `name`, `ingredients`, `recipe`, `number_of_likes`, `created_at`) VALUES (22, 79, 'non', 'Saepe deserunt laborum voluptas eum. Eum esse iure animi voluptatem consequatur.', 'Recusandae quo vel sed autem laborum. Est aut temporibus ratione omnis quis ea. Qui rerum maiores non sit qui sed eos.', 112, '1990-08-04 15:42:21');
INSERT INTO `recipes` (`id`, `user_id`, `name`, `ingredients`, `recipe`, `number_of_likes`, `created_at`) VALUES (23, 90, 'in', 'Eligendi qui voluptates provident debitis. Architecto incidunt ut dolorem laboriosam cupiditate qui. Quisquam consequuntur accusantium repudiandae non voluptatem.', 'Eligendi consequuntur est reprehenderit sunt est. Tempora ut aliquid veritatis eum.', 479, '1994-10-09 08:47:22');
INSERT INTO `recipes` (`id`, `user_id`, `name`, `ingredients`, `recipe`, `number_of_likes`, `created_at`) VALUES (24, 11, 'consectetur', 'Delectus nulla et maxime dolorem hic repellendus. Ea vero perferendis eos magni libero est. Architecto libero sunt sunt adipisci dolorem. Ex et unde magnam nemo quidem animi possimus.', 'Ut unde corporis vel sapiente labore. Delectus tempore qui facilis mollitia aut. Aut ad et deleniti delectus est laudantium. Excepturi inventore numquam eos et et et laboriosam.', 328, '2008-05-04 18:26:52');
INSERT INTO `recipes` (`id`, `user_id`, `name`, `ingredients`, `recipe`, `number_of_likes`, `created_at`) VALUES (25, 81, 'recusandae', 'Eaque dolore deleniti rerum quae occaecati sit. Quam eos itaque consequatur odit qui. Voluptatem neque omnis qui sed.', 'Quos similique non et et et cupiditate non. Earum occaecati sit vitae nihil cumque sunt. Et quo tempore rerum pariatur. Dolorum quas est recusandae facere.', 274, '1992-08-29 17:31:27');
INSERT INTO `recipes` (`id`, `user_id`, `name`, `ingredients`, `recipe`, `number_of_likes`, `created_at`) VALUES (26, 100, 'ratione', 'Consequatur est dolores libero cumque. Minus consequatur dolorum deleniti assumenda. Blanditiis eos minima perspiciatis eum iste consectetur architecto.', 'Vitae cupiditate eius tempora optio dolores quisquam. Et at eos nihil aut non odit. Sunt eos reiciendis sit et nobis.', 465, '2008-02-18 02:15:38');
INSERT INTO `recipes` (`id`, `user_id`, `name`, `ingredients`, `recipe`, `number_of_likes`, `created_at`) VALUES (27, 94, 'odio', 'Voluptatem voluptatem maxime aspernatur odit quibusdam. Maxime quod odit voluptas dolorum culpa. Aut omnis tempore ullam aperiam. In a fugiat nam fugiat dolore velit.', 'Et quae sint quod consequatur suscipit et. Sed ratione qui expedita id ipsum. Hic vero ab aliquid non laboriosam modi qui.', 222, '2019-08-22 17:35:19');
INSERT INTO `recipes` (`id`, `user_id`, `name`, `ingredients`, `recipe`, `number_of_likes`, `created_at`) VALUES (28, 8, 'necessitatibus', 'Earum qui in quaerat sed laborum autem facilis. In voluptatem modi fugit. Fuga in quis est repellendus consequatur. Qui nemo perferendis magni molestias sint. Porro porro iure qui aut.', 'Nihil vero eos voluptatum aut voluptate autem. Eius consequatur dicta quis necessitatibus qui dolorem quo.', 58, '1996-10-04 19:00:18');
INSERT INTO `recipes` (`id`, `user_id`, `name`, `ingredients`, `recipe`, `number_of_likes`, `created_at`) VALUES (29, 68, 'at', 'Dolores voluptas repudiandae nesciunt a occaecati beatae. Incidunt cum tenetur beatae et et veritatis dolorem ex. Dolore enim iure et et eos laboriosam.', 'Qui eaque voluptatum magni velit ut. Dolor illum sint vel tempora voluptate. Aut harum consequatur debitis non deserunt.', 225, '1986-10-06 12:45:06');
INSERT INTO `recipes` (`id`, `user_id`, `name`, `ingredients`, `recipe`, `number_of_likes`, `created_at`) VALUES (30, 99, 'voluptatem', 'Quia sequi inventore odit sed. Ut qui quod magnam rem. Qui nesciunt praesentium sit dolores. Nulla omnis adipisci voluptatem temporibus et enim.', 'Aliquid temporibus omnis ut. Quidem qui ipsum fugit voluptas. Non sequi nihil dolor. Numquam et consequatur sed sint earum accusamus nemo aut.', 312, '2011-06-16 20:36:10');
INSERT INTO `recipes` (`id`, `user_id`, `name`, `ingredients`, `recipe`, `number_of_likes`, `created_at`) VALUES (31, 83, 'non', 'Consequatur deleniti esse illum voluptatem sint. A pariatur distinctio est dolorem possimus explicabo nulla. Est consequuntur earum aut amet doloribus maxime porro.', 'Nemo voluptatibus nihil ut rerum. Qui aut dolore eius et consequatur eius reprehenderit. Vel in modi tempore natus et sed perferendis. Unde voluptas animi eos.', 6, '1979-06-24 23:14:02');
INSERT INTO `recipes` (`id`, `user_id`, `name`, `ingredients`, `recipe`, `number_of_likes`, `created_at`) VALUES (32, 6, 'dicta', 'Eligendi dolorum ut illum veniam impedit. Sit maiores et nulla at.\nExplicabo eveniet enim ex veritatis. Ratione quia omnis accusamus dolores. Possimus enim nostrum eum dolor quibusdam eaque.', 'Non enim ad dolor sed similique. Eius non iste ducimus ducimus tenetur. Autem tenetur qui at harum nemo.', 297, '2007-10-17 04:13:16');
INSERT INTO `recipes` (`id`, `user_id`, `name`, `ingredients`, `recipe`, `number_of_likes`, `created_at`) VALUES (33, 42, 'aut', 'Mollitia animi voluptatem beatae quo voluptatibus. Labore voluptatibus odio eveniet quae quisquam. Exercitationem et quae sunt nihil fugit.', 'Non minima sed id non in autem. Quasi ipsa nesciunt incidunt voluptatibus eum. Delectus officiis sit eum deleniti. Voluptates voluptatibus nostrum et similique non.', 414, '1975-08-11 21:04:23');
INSERT INTO `recipes` (`id`, `user_id`, `name`, `ingredients`, `recipe`, `number_of_likes`, `created_at`) VALUES (34, 16, 'iure', 'Et quia incidunt exercitationem molestiae tempora. Quos et libero ut ut esse aspernatur. Rem a cumque minus minus veniam magnam. Voluptatem voluptates odit commodi consequuntur eius velit.', 'Non et ut molestiae est perspiciatis. Sit et vero voluptatum est sint aliquam atque. Accusantium quaerat tenetur harum pariatur et.', 246, '1980-10-14 01:04:57');
INSERT INTO `recipes` (`id`, `user_id`, `name`, `ingredients`, `recipe`, `number_of_likes`, `created_at`) VALUES (35, 16, 'quam', 'Dolor blanditiis in praesentium occaecati et incidunt. Dolor dolores quo fugiat ut aut. Dolore et aut sed.', 'Est enim doloremque neque qui id. Eius optio libero et. Ut nam qui aut rerum est dolore.', 286, '2005-03-25 04:36:47');
INSERT INTO `recipes` (`id`, `user_id`, `name`, `ingredients`, `recipe`, `number_of_likes`, `created_at`) VALUES (36, 2, 'quia', 'Impedit assumenda iste voluptates enim qui non aut. Sunt voluptas et consequuntur amet sit veritatis iusto atque. Molestiae dolor provident ut et voluptatibus nisi repudiandae.', 'Odio nihil inventore temporibus optio ut nesciunt repellat. Eum amet ipsum dolores aspernatur facere. Qui placeat amet labore dolores. Sit ut possimus et.', 104, '1997-12-05 22:09:16');
INSERT INTO `recipes` (`id`, `user_id`, `name`, `ingredients`, `recipe`, `number_of_likes`, `created_at`) VALUES (37, 40, 'et', 'Esse non et ut aperiam tempore. Tempore beatae eius et recusandae odit aut. Inventore dicta adipisci vel placeat impedit. Veniam ad debitis et quae dolorem ipsa quo.', 'Voluptate alias quae optio atque. Est quas id voluptas perferendis blanditiis qui modi. Nostrum fuga repellat est quaerat veniam.', 326, '1981-04-26 09:01:15');
INSERT INTO `recipes` (`id`, `user_id`, `name`, `ingredients`, `recipe`, `number_of_likes`, `created_at`) VALUES (38, 7, 'et', 'Labore natus dolorem quis aliquam. Doloremque sapiente consequatur similique nesciunt.', 'Quo asperiores qui aliquam sint esse facilis. Numquam eligendi amet molestiae incidunt doloremque. Omnis est illo debitis beatae animi consequatur et. Et sunt ratione deserunt labore.', 292, '1973-04-27 10:33:48');
INSERT INTO `recipes` (`id`, `user_id`, `name`, `ingredients`, `recipe`, `number_of_likes`, `created_at`) VALUES (39, 58, 'molestias', 'Facere neque maxime ab dolorem rerum. Ipsum tempora et in dicta aut ipsam. Quaerat et officia libero nisi maxime voluptatem.', 'Tempore commodi sit culpa tempore nemo. Nisi sit et id ipsam necessitatibus consequatur unde quia. Ex accusamus reiciendis laboriosam deserunt doloremque sapiente.', 39, '2000-04-08 05:00:59');
INSERT INTO `recipes` (`id`, `user_id`, `name`, `ingredients`, `recipe`, `number_of_likes`, `created_at`) VALUES (40, 31, 'voluptas', 'Explicabo aliquid perspiciatis nobis voluptatem voluptatem facilis labore. Repellendus ipsa maiores qui ducimus. Rerum repellendus fugit totam explicabo ut quia. Nesciunt tempora ex rerum.', 'Laudantium ratione et quos. Ut voluptatem vero et maiores eum est. Expedita non neque laboriosam vel est et.', 68, '2009-05-05 06:06:08');
INSERT INTO `recipes` (`id`, `user_id`, `name`, `ingredients`, `recipe`, `number_of_likes`, `created_at`) VALUES (41, 79, 'assumenda', 'Velit voluptatem et eaque et sed dignissimos. Libero sit beatae voluptatem dolores accusantium sed distinctio.', 'Numquam debitis est laboriosam voluptatem autem. Eius est rerum excepturi id. Eius ab autem aut qui fugiat totam alias. Veritatis aut error voluptate eos illum.', 421, '2016-06-03 05:42:35');
INSERT INTO `recipes` (`id`, `user_id`, `name`, `ingredients`, `recipe`, `number_of_likes`, `created_at`) VALUES (42, 70, 'reprehenderit', 'Quod molestiae impedit non corrupti corporis quibusdam aut quia. Assumenda aut qui qui commodi. Velit laborum qui libero consectetur eaque et.', 'Animi quia voluptatem ducimus sapiente. Quaerat asperiores libero consectetur sunt est qui accusamus. Ratione non ut dolores praesentium quidem nulla.', 298, '1974-02-14 11:47:59');
INSERT INTO `recipes` (`id`, `user_id`, `name`, `ingredients`, `recipe`, `number_of_likes`, `created_at`) VALUES (43, 17, 'omnis', 'Perspiciatis quo aut possimus velit beatae nihil quos. Porro rerum facere et non. Impedit in quisquam voluptates consectetur similique maxime.', 'Velit ut velit error autem ullam alias. At totam molestiae laboriosam ab id. Veritatis sunt suscipit nam porro vel harum dolorem.', 470, '1987-07-21 05:32:23');
INSERT INTO `recipes` (`id`, `user_id`, `name`, `ingredients`, `recipe`, `number_of_likes`, `created_at`) VALUES (44, 41, 'et', 'Culpa animi non beatae ut aspernatur maiores. Suscipit dignissimos enim assumenda sunt vel omnis. Labore sed cum aut ut nostrum. Fuga provident nihil facilis enim nostrum maiores doloremque commodi.', 'Optio at dolore minima vel voluptas qui. Ut praesentium in et fugiat. Ut id eos et et aut. Eum qui soluta totam quos est sed velit.', 367, '1986-08-07 07:00:26');
INSERT INTO `recipes` (`id`, `user_id`, `name`, `ingredients`, `recipe`, `number_of_likes`, `created_at`) VALUES (45, 81, 'fugiat', 'Dolores nulla nisi occaecati tempore. Eius rerum enim atque corrupti. Culpa nulla sunt earum. Reprehenderit beatae repudiandae sunt ut.', 'Dolores ut enim in quis assumenda. Illum dolores delectus et aut. Optio quia incidunt nihil nulla est necessitatibus. Nemo atque autem in eum veritatis magnam quibusdam.', 385, '1975-10-05 01:35:40');
INSERT INTO `recipes` (`id`, `user_id`, `name`, `ingredients`, `recipe`, `number_of_likes`, `created_at`) VALUES (46, 84, 'aspernatur', 'Commodi ut maxime quidem in reiciendis eligendi. Quaerat aut deserunt provident reprehenderit in aspernatur reiciendis. Cumque quibusdam neque enim. In in iusto omnis repudiandae nisi culpa.', 'Nihil animi ex laudantium aut. Consequatur ex ut quis nisi. Repudiandae itaque maiores iusto ut est odit molestiae. Iure velit id mollitia nam commodi consequuntur repellat.', 106, '2016-05-17 01:56:09');
INSERT INTO `recipes` (`id`, `user_id`, `name`, `ingredients`, `recipe`, `number_of_likes`, `created_at`) VALUES (47, 70, 'dolore', 'Et vero quia harum velit fugiat quasi. Sapiente sit quis non incidunt quidem minus. Aperiam eum voluptas nemo sunt earum voluptatem consequatur architecto. Tempora dignissimos aliquam eos sapiente.', 'Vel sit ullam quasi incidunt libero modi. Ipsa voluptatem magnam ut animi est quod eos. Doloremque cumque error explicabo quam qui. Necessitatibus sint modi possimus dolores sit laborum.', 277, '2004-01-07 19:47:16');
INSERT INTO `recipes` (`id`, `user_id`, `name`, `ingredients`, `recipe`, `number_of_likes`, `created_at`) VALUES (48, 8, 'et', 'Sapiente rem sapiente explicabo ipsum asperiores qui ipsam temporibus. Quo laborum tempore ipsum tempore officiis quidem nihil. Amet et ut omnis quibusdam consequatur.', 'Odio quis voluptatem quidem dolor quis. Et sunt dicta laborum. Placeat aperiam magni et iusto nihil rerum in. Quis nisi architecto repudiandae est ea ea corporis.', 337, '2020-01-31 07:50:22');
INSERT INTO `recipes` (`id`, `user_id`, `name`, `ingredients`, `recipe`, `number_of_likes`, `created_at`) VALUES (49, 89, 'eaque', 'Mollitia beatae ut non natus accusantium debitis. Natus optio id fugiat sit suscipit rem. Est ullam dignissimos recusandae unde id sit iste ab. Adipisci rerum dicta accusamus et.', 'Nostrum ullam odio optio aspernatur veritatis et illo. Pariatur sit totam quo hic. Beatae sunt aut sint incidunt incidunt aliquid. In nisi earum possimus qui ex fuga.', 368, '2018-03-24 11:53:29');
INSERT INTO `recipes` (`id`, `user_id`, `name`, `ingredients`, `recipe`, `number_of_likes`, `created_at`) VALUES (50, 1, 'quia', 'Molestiae laboriosam et corporis unde debitis. Dolor accusamus maiores sed explicabo. Sed qui quo voluptatem harum minima quia vel.', 'Unde et sed sunt illum. Asperiores aspernatur repellendus sint eum atque id enim. Libero et beatae temporibus eius dolorem et. Non sit et similique est illo optio quisquam.', 423, '1993-03-28 10:05:25');
INSERT INTO `recipes` (`id`, `user_id`, `name`, `ingredients`, `recipe`, `number_of_likes`, `created_at`) VALUES (51, 67, 'accusantium', 'Fugit aliquid minima sunt vel. Quo beatae alias pariatur sint possimus non vero. Maiores assumenda quo sunt et.', 'Error ut incidunt culpa ab. Sint iure dolorem ea ut sed quidem consequatur. Sed velit iure eum consequatur voluptatem.', 446, '1995-02-12 07:23:46');
INSERT INTO `recipes` (`id`, `user_id`, `name`, `ingredients`, `recipe`, `number_of_likes`, `created_at`) VALUES (52, 95, 'hic', 'Quae dicta eum voluptatem quia totam. Aut saepe ut nulla vel facilis deserunt rerum.', 'Rerum dolores voluptatum quae sit iste sed. Consequatur magnam neque autem ut quia. Provident fugiat et placeat soluta dolore.', 4, '2013-02-28 19:43:42');
INSERT INTO `recipes` (`id`, `user_id`, `name`, `ingredients`, `recipe`, `number_of_likes`, `created_at`) VALUES (53, 62, 'ad', 'Odit iste illo quidem rem laboriosam sed. Architecto facere consequatur in. Quidem neque amet modi. Corrupti et necessitatibus numquam perspiciatis rerum est voluptas.', 'Qui ratione quis est deserunt eaque aut iure consequatur. Quis odit sint voluptates aliquid officia maxime quod. Modi itaque modi corporis. Qui exercitationem quaerat illum est autem quia.', 187, '1971-09-17 10:54:41');
INSERT INTO `recipes` (`id`, `user_id`, `name`, `ingredients`, `recipe`, `number_of_likes`, `created_at`) VALUES (54, 76, 'omnis', 'Ea aspernatur voluptatem deleniti ab eligendi. Et sint dolorem ipsa fuga minima. Inventore aliquam quibusdam pariatur magnam tempora quod. Non saepe adipisci sunt voluptatem autem qui voluptatum.', 'Commodi non omnis aut adipisci adipisci enim consequatur. Id quae nostrum aut.', 80, '1973-09-27 21:05:02');
INSERT INTO `recipes` (`id`, `user_id`, `name`, `ingredients`, `recipe`, `number_of_likes`, `created_at`) VALUES (55, 61, 'dolorum', 'Incidunt provident sit iure provident tempore pariatur. Et recusandae accusamus et architecto unde. Inventore laudantium vitae et vel. Saepe veniam numquam cum nobis quis facere ut omnis.', 'Sapiente necessitatibus qui aut eaque occaecati accusamus nesciunt. Nisi ut non dolorum illum excepturi. Inventore non rem laudantium dolore et.', 248, '2003-09-29 08:08:48');
INSERT INTO `recipes` (`id`, `user_id`, `name`, `ingredients`, `recipe`, `number_of_likes`, `created_at`) VALUES (56, 65, 'et', 'Ut consequuntur accusamus sit quo. Aspernatur sed possimus ducimus modi beatae. Hic consequuntur quo esse quis voluptates officiis. Ducimus sunt ea sequi velit hic.', 'Et magni harum in. Voluptatum qui suscipit ut et dolorum consequatur et. Cumque rerum sint omnis aut. Libero debitis eum aut quo ut eveniet sit atque.', 72, '2006-06-10 21:23:09');
INSERT INTO `recipes` (`id`, `user_id`, `name`, `ingredients`, `recipe`, `number_of_likes`, `created_at`) VALUES (57, 74, 'deserunt', 'Aliquid itaque iure eaque exercitationem. Sit ipsa amet tenetur dolor nisi.\nIpsa molestias et totam voluptatibus dolorum veritatis. Ullam velit vitae iusto minus exercitationem.', 'Quae eius expedita velit et iste ducimus. Non qui optio autem repellat odio sunt sequi. Sunt minima soluta voluptatem beatae error.', 361, '2010-06-26 18:54:50');
INSERT INTO `recipes` (`id`, `user_id`, `name`, `ingredients`, `recipe`, `number_of_likes`, `created_at`) VALUES (58, 63, 'reiciendis', 'Eum adipisci aut provident alias et aut fugit. Qui ea mollitia cupiditate totam repellat quam omnis.', 'Dolorem voluptatem enim occaecati ut. Voluptatem et et voluptatibus. Tenetur ut sit et.', 441, '1997-11-29 10:26:19');
INSERT INTO `recipes` (`id`, `user_id`, `name`, `ingredients`, `recipe`, `number_of_likes`, `created_at`) VALUES (59, 10, 'eius', 'Iusto possimus saepe quisquam illum quibusdam dolor aliquid. Consequatur odit alias aut voluptatem sint. Accusamus itaque commodi et esse. Et ipsam ut eos unde.', 'Fugiat deserunt corporis id. Animi consequatur porro tenetur sed repellat autem quia quia. Eveniet saepe fugit rerum. Corrupti repudiandae provident nemo id voluptatem.', 72, '1997-01-15 11:04:50');
INSERT INTO `recipes` (`id`, `user_id`, `name`, `ingredients`, `recipe`, `number_of_likes`, `created_at`) VALUES (60, 95, 'non', 'Pariatur deleniti quia nam beatae laborum hic est cupiditate. Rerum provident consequatur ad quia. Et quis aut magni qui natus debitis. Quisquam distinctio dignissimos vel sit porro ut quod.', 'Aut sint aut sit perferendis minus quasi. Est nobis ratione quia quo. Similique inventore illum culpa.', 474, '1999-11-02 12:10:33');
INSERT INTO `recipes` (`id`, `user_id`, `name`, `ingredients`, `recipe`, `number_of_likes`, `created_at`) VALUES (61, 1, 'possimus', 'Id suscipit aut dolores ex consequuntur. Tempore ratione fugit velit dolorem deleniti. Vero repellendus molestias neque veniam consequatur sunt voluptates delectus.', 'Quis impedit iste doloremque et consequuntur aliquid dolorem. Nulla tenetur ullam natus numquam ut. Dolor neque aut quia aut totam officia voluptas. Nobis eaque dolor blanditiis ut et.', 246, '2019-02-09 11:49:30');
INSERT INTO `recipes` (`id`, `user_id`, `name`, `ingredients`, `recipe`, `number_of_likes`, `created_at`) VALUES (62, 42, 'adipisci', 'Alias eaque dolor hic qui et dignissimos ut voluptatum. Hic quas aut molestiae eos. Ad architecto ipsum consequatur ex numquam a accusamus eius.', 'Repudiandae laborum quaerat ipsa id magnam. Corrupti quos voluptatem id inventore aut quos. Rerum quae natus vel excepturi illum asperiores et.', 485, '1987-09-10 10:39:45');
INSERT INTO `recipes` (`id`, `user_id`, `name`, `ingredients`, `recipe`, `number_of_likes`, `created_at`) VALUES (63, 60, 'in', 'Et commodi temporibus eos dolorum molestiae. Tenetur consequatur aut et et. Accusantium veniam dolor totam veniam consequatur aut aut.', 'Dolor omnis quo occaecati. Rerum accusamus delectus ullam. Natus qui rerum maxime eveniet dolores assumenda. Accusamus sint tempore quidem vel non. Id dolore repellendus repellat consequatur.', 319, '1975-01-25 12:19:49');
INSERT INTO `recipes` (`id`, `user_id`, `name`, `ingredients`, `recipe`, `number_of_likes`, `created_at`) VALUES (64, 94, 'rerum', 'Et esse dolore distinctio. Quos debitis exercitationem ut. Distinctio sit rem aliquam modi culpa. Eius quas deleniti quo consequatur dolores sit consequatur.', 'Sunt molestiae aut repellat dignissimos harum provident. Dolor sit cum ut ratione culpa eius rem. Veritatis et quia et veniam possimus minus. Sit quia enim nulla aut.', 38, '2002-06-30 08:07:48');
INSERT INTO `recipes` (`id`, `user_id`, `name`, `ingredients`, `recipe`, `number_of_likes`, `created_at`) VALUES (65, 79, 'dicta', 'Earum provident fugit dicta dolor. Est aliquid distinctio earum quo. Expedita sequi in pariatur est maxime in. Alias commodi est molestiae distinctio voluptas recusandae est.', 'Molestiae exercitationem placeat molestiae quos consequatur ut. Impedit id et temporibus.', 128, '1972-02-06 08:56:48');
INSERT INTO `recipes` (`id`, `user_id`, `name`, `ingredients`, `recipe`, `number_of_likes`, `created_at`) VALUES (66, 91, 'iure', 'Earum perspiciatis est ut possimus dolore. Optio iste minus quas et velit aperiam. Nobis et rerum sunt id delectus. Sed inventore ea temporibus sed consectetur sit molestiae.', 'Ea id ducimus sunt voluptatibus. Ut dolor aut ut temporibus et. Nostrum dolor vel accusantium alias qui officiis. Quisquam et repellendus fugit facilis dignissimos animi.', 367, '2015-01-31 12:05:28');
INSERT INTO `recipes` (`id`, `user_id`, `name`, `ingredients`, `recipe`, `number_of_likes`, `created_at`) VALUES (67, 66, 'necessitatibus', 'Quisquam voluptas est et enim recusandae ullam. Et illum dicta atque consequuntur voluptas voluptatibus. Fugit impedit recusandae eum qui eveniet placeat. Ut facere minus assumenda veniam.', 'Sit harum sapiente sit impedit sapiente corporis beatae non. In vero explicabo ipsam. Error inventore laudantium mollitia quisquam.', 147, '2002-01-04 15:38:48');
INSERT INTO `recipes` (`id`, `user_id`, `name`, `ingredients`, `recipe`, `number_of_likes`, `created_at`) VALUES (68, 38, 'blanditiis', 'Non repellendus sed eos asperiores ad. Eos delectus provident illum et nulla. Enim repellat occaecati facilis vel dicta omnis dignissimos. Eaque sed nihil voluptatem aspernatur.', 'Quas cum repudiandae qui voluptatem occaecati quas. Quisquam et ad distinctio doloremque nihil voluptates. Corrupti consequatur occaecati debitis est. Eum impedit est magnam et.', 58, '1973-03-24 04:07:24');
INSERT INTO `recipes` (`id`, `user_id`, `name`, `ingredients`, `recipe`, `number_of_likes`, `created_at`) VALUES (69, 58, 'qui', 'Incidunt et odio facere adipisci et quaerat voluptatem omnis. Aperiam sit debitis deserunt. Aut adipisci culpa eum libero.', 'Fugiat quis qui libero omnis exercitationem dolor nihil dolor. Animi et earum error soluta omnis mollitia illum excepturi. Aspernatur cupiditate tempora qui adipisci ut ipsam quia molestiae.', 275, '1998-08-05 14:45:14');
INSERT INTO `recipes` (`id`, `user_id`, `name`, `ingredients`, `recipe`, `number_of_likes`, `created_at`) VALUES (70, 76, 'reiciendis', 'Enim inventore exercitationem laboriosam ut est voluptate a. Voluptatibus eligendi dolorem ab id soluta a amet. Molestias cupiditate repellat explicabo eos et sapiente aut asperiores.', 'Voluptate corrupti sunt quas quia alias beatae praesentium. Ex eaque natus ea harum. Eveniet quo soluta est sunt.', 377, '1990-05-03 23:20:43');
INSERT INTO `recipes` (`id`, `user_id`, `name`, `ingredients`, `recipe`, `number_of_likes`, `created_at`) VALUES (71, 11, 'blanditiis', 'Facilis ex est fugit qui quaerat magnam esse. Excepturi reprehenderit voluptas animi iusto atque voluptate mollitia sapiente. Ut qui omnis et doloribus sint aut.', 'Perferendis et dignissimos fugiat ut nesciunt. Est quas quasi eum enim necessitatibus. Maiores assumenda eum quos non quia. Modi alias dolores dicta a nobis vel.', 174, '2015-05-31 20:50:22');
INSERT INTO `recipes` (`id`, `user_id`, `name`, `ingredients`, `recipe`, `number_of_likes`, `created_at`) VALUES (72, 3, 'sunt', 'Necessitatibus numquam praesentium consequuntur commodi et. Qui in magnam quos et neque alias. Dolorem ab sed eveniet nemo et. Odio aperiam quaerat rerum omnis error.', 'Error optio delectus velit repudiandae facilis consequatur impedit. Cumque placeat culpa est et. Dolor laborum consequatur esse temporibus accusantium vel.', 129, '1980-09-29 11:48:18');
INSERT INTO `recipes` (`id`, `user_id`, `name`, `ingredients`, `recipe`, `number_of_likes`, `created_at`) VALUES (73, 71, 'dolores', 'Ratione ratione aliquid dolorem. Porro molestias delectus inventore voluptate. Non omnis odio numquam minima numquam repellat. Ut dicta totam qui voluptatem impedit suscipit repudiandae.', 'Eligendi ipsam dolorem quibusdam reprehenderit quas sequi magnam. Omnis reprehenderit tenetur neque.', 166, '2005-01-25 02:23:22');
INSERT INTO `recipes` (`id`, `user_id`, `name`, `ingredients`, `recipe`, `number_of_likes`, `created_at`) VALUES (74, 43, 'a', 'Voluptatem neque magnam quibusdam ipsam quos. Non eveniet maxime sunt consequuntur sit enim pariatur. Et minus doloremque velit debitis.', 'Sint consequatur nam magni animi tempore. Ea qui quas vel magnam ut. Qui esse debitis error aut ipsa tempora.', 271, '1985-11-26 00:24:31');
INSERT INTO `recipes` (`id`, `user_id`, `name`, `ingredients`, `recipe`, `number_of_likes`, `created_at`) VALUES (75, 20, 'aut', 'Quis enim et numquam facere nisi. Et tempore eveniet molestiae est. Voluptas esse et aut porro. Fugit voluptas non et vero provident. Laborum officia eum assumenda ut consectetur officiis.', 'Fugiat et quo omnis rerum error qui. Autem pariatur tenetur aut voluptatem voluptate non. Dolorem est quia ullam ut excepturi quas. Numquam corrupti in iusto porro.', 412, '2012-10-26 20:39:25');
INSERT INTO `recipes` (`id`, `user_id`, `name`, `ingredients`, `recipe`, `number_of_likes`, `created_at`) VALUES (76, 84, 'quo', 'Inventore est nihil nesciunt rerum facilis optio. Veritatis earum aut dicta mollitia. Et harum adipisci aut in ipsum quia qui omnis. Minima rerum officiis quasi id harum.', 'Id voluptate explicabo iste amet tenetur provident. In delectus ab iure esse. Expedita aut assumenda et similique numquam.', 230, '1999-06-06 06:56:03');
INSERT INTO `recipes` (`id`, `user_id`, `name`, `ingredients`, `recipe`, `number_of_likes`, `created_at`) VALUES (77, 40, 'quo', 'Eos eum ut atque distinctio adipisci sint culpa. Maiores ut qui quisquam. Laboriosam commodi sunt inventore illum accusamus natus consequuntur harum. Debitis fugit sed corrupti eaque.', 'Possimus adipisci libero non harum. Eos pariatur voluptatem assumenda asperiores veniam. Consequatur illum velit corporis recusandae iusto.', 24, '2013-03-06 10:27:48');
INSERT INTO `recipes` (`id`, `user_id`, `name`, `ingredients`, `recipe`, `number_of_likes`, `created_at`) VALUES (78, 52, 'quam', 'Nisi voluptas dignissimos asperiores eveniet temporibus. Vitae quas consequatur ipsum deserunt illum tempore. Sit qui a error voluptatem unde voluptatem deleniti.', 'Et quod beatae odio quod. Et ipsa sit voluptas quas minima voluptates aut enim. Aliquid ut exercitationem quis quibusdam consequatur. Explicabo incidunt doloribus a quia suscipit.', 353, '2009-01-09 16:43:58');
INSERT INTO `recipes` (`id`, `user_id`, `name`, `ingredients`, `recipe`, `number_of_likes`, `created_at`) VALUES (79, 93, 'in', 'Hic quidem deleniti vitae quia et. Molestiae error dolor provident nulla accusamus est consequatur non. Culpa ut voluptas id. Voluptatem quam ullam magni assumenda consequatur molestias.', 'Ducimus nisi mollitia eligendi repellendus odio odio. Aperiam possimus rerum reiciendis. Sapiente aperiam quo aut omnis.', 390, '1978-09-06 19:54:17');
INSERT INTO `recipes` (`id`, `user_id`, `name`, `ingredients`, `recipe`, `number_of_likes`, `created_at`) VALUES (80, 34, 'ut', 'Rerum laboriosam beatae corporis non commodi. Corrupti aspernatur tenetur earum deleniti. Iusto enim cupiditate quis et est iusto. Voluptatum itaque nulla optio autem aliquid.', 'Accusantium nostrum ut culpa eos quis qui excepturi. Itaque est velit voluptatem porro quia quia iure voluptas. Enim voluptates ut itaque et dolorum.', 394, '1993-10-03 07:21:30');
INSERT INTO `recipes` (`id`, `user_id`, `name`, `ingredients`, `recipe`, `number_of_likes`, `created_at`) VALUES (81, 36, 'et', 'Deserunt a ab deserunt iusto saepe. Quaerat maxime dolores inventore voluptas dolorem et. Aliquam cumque autem laboriosam quod placeat fugiat nulla in. Et iure aperiam reprehenderit modi impedit.', 'Necessitatibus expedita incidunt cumque officiis quibusdam dolor. Ullam provident ab fugiat in magnam ad. Officiis quo voluptate eos reiciendis placeat rerum. A tempora cum aut animi non aut maiores.', 413, '1983-09-16 15:01:33');
INSERT INTO `recipes` (`id`, `user_id`, `name`, `ingredients`, `recipe`, `number_of_likes`, `created_at`) VALUES (82, 68, 'facere', 'Esse et dolore consequatur incidunt aliquid officia nihil. A qui molestiae dignissimos in. Ipsa nihil delectus quis id voluptates quod debitis.', 'Adipisci quod voluptatem omnis distinctio non cumque et. Eum in quo minus distinctio. Quas eum perferendis non a sint ipsum rerum.', 37, '1992-05-17 15:05:41');
INSERT INTO `recipes` (`id`, `user_id`, `name`, `ingredients`, `recipe`, `number_of_likes`, `created_at`) VALUES (83, 3, 'laudantium', 'Deserunt nesciunt porro quo eos. Tempore et sint beatae ut. Quia molestiae minus quia aliquam labore odit molestiae. Cum qui est distinctio adipisci.', 'Laborum et quia dignissimos a saepe. Autem porro porro laborum qui voluptates. Fugiat porro commodi enim consequatur.', 283, '2001-03-12 17:43:14');
INSERT INTO `recipes` (`id`, `user_id`, `name`, `ingredients`, `recipe`, `number_of_likes`, `created_at`) VALUES (84, 53, 'maiores', 'Beatae unde ipsa est qui. Error minus porro ab qui autem fugiat. Quaerat rerum sapiente doloremque exercitationem. Enim architecto fugiat id magnam deserunt accusantium exercitationem.', 'Ad qui aspernatur dolore. Dolores eos ipsum officia minima magnam deleniti. Officia et provident ullam eligendi tenetur numquam enim. Ea sunt eum et recusandae quia et.', 207, '1986-08-12 08:53:12');
INSERT INTO `recipes` (`id`, `user_id`, `name`, `ingredients`, `recipe`, `number_of_likes`, `created_at`) VALUES (85, 40, 'illum', 'Et sit aperiam amet porro maxime quidem. Placeat est assumenda ut voluptatem tenetur iste commodi. Omnis aut animi rerum fugiat.', 'Consequatur harum omnis eligendi deserunt deleniti ut similique. Voluptate rem aut iusto voluptatem quia. Eum quisquam quia labore ea. Pariatur magnam ea nihil nobis.', 494, '2014-10-09 11:28:26');
INSERT INTO `recipes` (`id`, `user_id`, `name`, `ingredients`, `recipe`, `number_of_likes`, `created_at`) VALUES (86, 92, 'aperiam', 'Quas quos exercitationem velit unde quis expedita voluptate. Sint et ut eaque ex repellendus.', 'Repellat fuga corrupti ad quaerat illum. Ullam accusantium cupiditate et eius sapiente. Perspiciatis omnis vitae beatae saepe impedit est.', 327, '1992-12-01 09:06:19');
INSERT INTO `recipes` (`id`, `user_id`, `name`, `ingredients`, `recipe`, `number_of_likes`, `created_at`) VALUES (87, 29, 'cumque', 'Fuga aut mollitia eaque totam consequatur. Quam accusantium corporis illum iure quis rerum. Eos nihil est numquam.', 'Quaerat amet vero dolorem. Vel et dolore nobis aut iusto. Nihil repudiandae culpa ducimus ad labore excepturi. Dolorem inventore voluptas ut quo qui accusantium distinctio.', 234, '1979-12-01 00:53:54');
INSERT INTO `recipes` (`id`, `user_id`, `name`, `ingredients`, `recipe`, `number_of_likes`, `created_at`) VALUES (88, 29, 'velit', 'Quis possimus ratione est qui voluptatem pariatur. Autem accusantium nihil in voluptatibus aut. Est est in quod eveniet delectus.', 'A harum quia veritatis delectus. Nemo quas recusandae excepturi nobis occaecati. Enim impedit assumenda veniam et voluptatum. Consequatur eum ut ex corporis ex.', 198, '2016-07-18 05:05:24');
INSERT INTO `recipes` (`id`, `user_id`, `name`, `ingredients`, `recipe`, `number_of_likes`, `created_at`) VALUES (89, 67, 'ex', 'Et sed laborum et est. Est praesentium illum a voluptas cumque commodi. Vel maiores tempore cum vel rem iusto esse. Quae asperiores et nihil ea.', 'In rerum reprehenderit voluptatibus facere. Iusto quaerat iste cumque vel expedita. Sint aliquid est quibusdam consequatur qui. Et voluptate deserunt culpa.', 61, '1972-05-05 20:12:37');
INSERT INTO `recipes` (`id`, `user_id`, `name`, `ingredients`, `recipe`, `number_of_likes`, `created_at`) VALUES (90, 54, 'ad', 'Molestiae odit vitae architecto non. Quia eius ab quo voluptatem incidunt facere eveniet. Voluptatem praesentium ad omnis quaerat.', 'Corrupti tempore enim eveniet nisi. Sunt quia magnam ab et unde itaque voluptate. Et magni id quia esse et ipsum illum.', 313, '2012-07-30 09:32:38');
INSERT INTO `recipes` (`id`, `user_id`, `name`, `ingredients`, `recipe`, `number_of_likes`, `created_at`) VALUES (91, 23, 'quam', 'Quo sed consequatur soluta consectetur est. Quis id id repellat sint qui repellendus. Autem quos omnis unde. Dignissimos consequuntur corrupti culpa voluptas.', 'Facilis natus sit soluta pariatur. Veniam amet quos iusto qui. Quia totam aut dolor omnis.', 441, '1975-06-21 08:45:39');
INSERT INTO `recipes` (`id`, `user_id`, `name`, `ingredients`, `recipe`, `number_of_likes`, `created_at`) VALUES (92, 16, 'illo', 'In amet pariatur vel ea blanditiis et non aliquid. Fugit laudantium voluptas quisquam ut reprehenderit. Et quos beatae porro optio quae hic.', 'Ut quibusdam consequatur neque. Nihil debitis dolorum cum voluptate voluptates est. Suscipit ullam porro labore repudiandae.', 494, '2000-12-24 03:57:10');
INSERT INTO `recipes` (`id`, `user_id`, `name`, `ingredients`, `recipe`, `number_of_likes`, `created_at`) VALUES (93, 55, 'facere', 'Ut voluptatem aut libero eius sapiente quaerat reiciendis. Tempore quos reprehenderit iure. Rerum ut cupiditate porro et ad placeat. Porro soluta nihil et ipsam quisquam itaque.', 'Et aut delectus deserunt ducimus distinctio voluptates. Fuga ea est consequatur tempora. Non in voluptas in id explicabo omnis.', 88, '2011-06-12 13:54:47');
INSERT INTO `recipes` (`id`, `user_id`, `name`, `ingredients`, `recipe`, `number_of_likes`, `created_at`) VALUES (94, 29, 'odit', 'Quas incidunt ab eum quisquam eos eius. Est rerum repellendus sint voluptatem blanditiis. Aliquid ducimus id earum sit. Sit magni est esse nesciunt ipsum quae atque.', 'Id et quas voluptatem qui quae ducimus hic. Quo sapiente quas laboriosam nulla expedita. Qui tempora vel et mollitia ut sit consequuntur. Ut dolores quaerat ullam nostrum harum debitis commodi.', 129, '2006-09-25 21:38:04');
INSERT INTO `recipes` (`id`, `user_id`, `name`, `ingredients`, `recipe`, `number_of_likes`, `created_at`) VALUES (95, 1, 'veritatis', 'Est molestias voluptatem voluptatem. Aut placeat harum sint et totam sapiente eos quibusdam. Maxime quibusdam velit fugiat qui ut accusamus debitis.', 'Itaque tenetur a quis ratione. Voluptates quidem vero voluptatem.\nEst officia quia fuga sunt. Sint unde ullam explicabo perferendis. Consequatur qui nihil sed provident.', 204, '1997-08-14 11:52:07');
INSERT INTO `recipes` (`id`, `user_id`, `name`, `ingredients`, `recipe`, `number_of_likes`, `created_at`) VALUES (96, 45, 'nemo', 'Velit voluptatem rem qui blanditiis consectetur. Iste saepe omnis quidem vel et dolores excepturi. Quia vel labore hic qui a voluptates non. Enim sit enim laudantium necessitatibus.', 'Placeat sit est officiis et. Dolor quos voluptatem omnis qui sit magni sunt. Voluptates doloremque culpa laborum magni. Voluptatum commodi animi autem repellendus aut.', 135, '2019-03-17 10:48:59');
INSERT INTO `recipes` (`id`, `user_id`, `name`, `ingredients`, `recipe`, `number_of_likes`, `created_at`) VALUES (97, 28, 'ullam', 'Voluptas est voluptatibus sed totam ullam et nulla. Quas exercitationem corporis excepturi molestiae. Sapiente qui id et aut error voluptatem. Eum ut voluptatem explicabo rerum unde.', 'Doloremque nobis laboriosam nulla non. Ducimus sed et ipsam expedita quos. Vitae maxime impedit enim provident pariatur eaque. Ea recusandae sunt adipisci maiores excepturi doloremque in.', 151, '1995-07-12 13:36:30');
INSERT INTO `recipes` (`id`, `user_id`, `name`, `ingredients`, `recipe`, `number_of_likes`, `created_at`) VALUES (98, 52, 'illum', 'Quod temporibus rerum et eum. Corrupti at iusto tenetur. Non adipisci et aut aut sint aut.', 'Aut ullam sit corrupti sint et. Neque corporis aut rem quisquam dolorum. Ut autem ipsa quia nisi.', 499, '1989-03-04 02:35:43');
INSERT INTO `recipes` (`id`, `user_id`, `name`, `ingredients`, `recipe`, `number_of_likes`, `created_at`) VALUES (99, 16, 'minima', 'Ut tempora dolores aut magnam in adipisci iusto. Amet omnis ex debitis voluptatem. Dolorum vero voluptate minus eum. Autem sed provident perferendis et voluptas.', 'Laboriosam sed eum enim et et. Nisi vel quibusdam maxime modi. Molestiae libero et suscipit quia. Velit nobis voluptate quidem voluptas possimus soluta magnam in.', 175, '1985-10-30 00:43:47');
INSERT INTO `recipes` (`id`, `user_id`, `name`, `ingredients`, `recipe`, `number_of_likes`, `created_at`) VALUES (100, 61, 'ut', 'Fuga aut enim quis sit id. Tempora repellat qui modi id ex. Quidem ut eos praesentium aut eos vel.', 'Rerum dolores libero itaque at neque est neque culpa. Ex nobis numquam fugit odit odit. Ducimus nostrum temporibus exercitationem eligendi illum qui repellat.', 412, '1993-03-24 21:54:35');


#
# TABLE STRUCTURE FOR: users
#

DROP TABLE IF EXISTS `users`;

CREATE TABLE `users` (
  `id` int(10) unsigned NOT NULL AUTO_INCREMENT,
  `first_name` varchar(50) COLLATE utf8mb4_unicode_ci NOT NULL,
  `last_name` varchar(50) COLLATE utf8mb4_unicode_ci NOT NULL,
  `email` varchar(100) COLLATE utf8mb4_unicode_ci NOT NULL,
  `registrated_at` datetime DEFAULT current_timestamp(),
  PRIMARY KEY (`id`),
  UNIQUE KEY `email` (`email`)
) ENGINE=InnoDB AUTO_INCREMENT=101 DEFAULT CHARSET=utf8mb4 COLLATE=utf8mb4_unicode_ci;

INSERT INTO `users` (`id`, `first_name`, `last_name`, `email`, `registrated_at`) VALUES (1, 'Kraig', 'Conn', 'wilfrid43@example.org', '2001-08-30 00:25:16');
INSERT INTO `users` (`id`, `first_name`, `last_name`, `email`, `registrated_at`) VALUES (2, 'Nia', 'Parisian', 'brennan85@example.net', '1994-07-19 08:17:03');
INSERT INTO `users` (`id`, `first_name`, `last_name`, `email`, `registrated_at`) VALUES (3, 'Phoebe', 'Funk', 'ewell.kshlerin@example.net', '2013-11-20 21:29:30');
INSERT INTO `users` (`id`, `first_name`, `last_name`, `email`, `registrated_at`) VALUES (4, 'Vilma', 'Herman', 'ransom02@example.com', '1985-08-01 07:27:10');
INSERT INTO `users` (`id`, `first_name`, `last_name`, `email`, `registrated_at`) VALUES (5, 'Dawn', 'Kreiger', 'tierra.robel@example.com', '1979-05-19 13:07:32');
INSERT INTO `users` (`id`, `first_name`, `last_name`, `email`, `registrated_at`) VALUES (6, 'Cassidy', 'Bartell', 'koss.cassie@example.net', '2018-06-02 23:51:34');
INSERT INTO `users` (`id`, `first_name`, `last_name`, `email`, `registrated_at`) VALUES (7, 'Micheal', 'Parisian', 'allene86@example.com', '1984-10-14 07:33:29');
INSERT INTO `users` (`id`, `first_name`, `last_name`, `email`, `registrated_at`) VALUES (8, 'Leonor', 'Marks', 'cyrus00@example.com', '2014-02-16 13:03:58');
INSERT INTO `users` (`id`, `first_name`, `last_name`, `email`, `registrated_at`) VALUES (9, 'Savanna', 'Considine', 'mozelle06@example.net', '2001-05-27 06:34:55');
INSERT INTO `users` (`id`, `first_name`, `last_name`, `email`, `registrated_at`) VALUES (10, 'Aliza', 'McDermott', 'ethompson@example.com', '1994-04-03 17:10:24');
INSERT INTO `users` (`id`, `first_name`, `last_name`, `email`, `registrated_at`) VALUES (11, 'Clint', 'Torp', 'jerde.alvina@example.net', '1983-08-14 08:46:17');
INSERT INTO `users` (`id`, `first_name`, `last_name`, `email`, `registrated_at`) VALUES (12, 'Gilberto', 'Cummings', 'zulauf.charlotte@example.com', '1973-05-22 16:47:29');
INSERT INTO `users` (`id`, `first_name`, `last_name`, `email`, `registrated_at`) VALUES (13, 'Bradley', 'Parisian', 'eula.koch@example.net', '2006-11-08 21:24:10');
INSERT INTO `users` (`id`, `first_name`, `last_name`, `email`, `registrated_at`) VALUES (14, 'Bella', 'Harber', 'dewayne.kozey@example.org', '2007-12-16 04:59:44');
INSERT INTO `users` (`id`, `first_name`, `last_name`, `email`, `registrated_at`) VALUES (15, 'Patience', 'Klocko', 'bartell.may@example.org', '1978-04-13 18:51:59');
INSERT INTO `users` (`id`, `first_name`, `last_name`, `email`, `registrated_at`) VALUES (16, 'Dameon', 'Jakubowski', 'qsipes@example.com', '1996-03-19 22:12:59');
INSERT INTO `users` (`id`, `first_name`, `last_name`, `email`, `registrated_at`) VALUES (17, 'Lenore', 'Raynor', 'uparker@example.com', '2005-02-21 19:49:10');
INSERT INTO `users` (`id`, `first_name`, `last_name`, `email`, `registrated_at`) VALUES (18, 'Ethel', 'Schumm', 'zulauf.lorena@example.com', '2017-03-29 20:37:03');
INSERT INTO `users` (`id`, `first_name`, `last_name`, `email`, `registrated_at`) VALUES (19, 'Leopold', 'Hane', 'elise70@example.net', '1983-03-08 21:21:58');
INSERT INTO `users` (`id`, `first_name`, `last_name`, `email`, `registrated_at`) VALUES (20, 'Leatha', 'Rowe', 'patsy.leuschke@example.org', '2016-07-15 17:56:20');
INSERT INTO `users` (`id`, `first_name`, `last_name`, `email`, `registrated_at`) VALUES (21, 'Ernest', 'Wilderman', 'joshua68@example.com', '1970-03-19 15:56:27');
INSERT INTO `users` (`id`, `first_name`, `last_name`, `email`, `registrated_at`) VALUES (22, 'Vickie', 'Bergstrom', 'abotsford@example.org', '1999-08-25 13:15:11');
INSERT INTO `users` (`id`, `first_name`, `last_name`, `email`, `registrated_at`) VALUES (23, 'Earl', 'Shanahan', 'corine.schultz@example.net', '2000-03-15 07:32:31');
INSERT INTO `users` (`id`, `first_name`, `last_name`, `email`, `registrated_at`) VALUES (24, 'Giuseppe', 'Hansen', 'leffler.eugenia@example.com', '1980-11-23 15:11:54');
INSERT INTO `users` (`id`, `first_name`, `last_name`, `email`, `registrated_at`) VALUES (25, 'Madelyn', 'Renner', 'cletus08@example.org', '2001-04-05 18:03:59');
INSERT INTO `users` (`id`, `first_name`, `last_name`, `email`, `registrated_at`) VALUES (26, 'Kara', 'Johns', 'talon16@example.org', '2017-10-26 08:47:30');
INSERT INTO `users` (`id`, `first_name`, `last_name`, `email`, `registrated_at`) VALUES (27, 'Allan', 'Lehner', 'kelsi.dietrich@example.org', '2009-03-03 11:49:06');
INSERT INTO `users` (`id`, `first_name`, `last_name`, `email`, `registrated_at`) VALUES (28, 'Juvenal', 'McGlynn', 'marlen.kessler@example.com', '2008-06-14 19:45:28');
INSERT INTO `users` (`id`, `first_name`, `last_name`, `email`, `registrated_at`) VALUES (29, 'Viva', 'Fay', 'eskiles@example.net', '1984-08-28 09:05:20');
INSERT INTO `users` (`id`, `first_name`, `last_name`, `email`, `registrated_at`) VALUES (30, 'Erwin', 'Hansen', 'marlene23@example.net', '1970-06-29 12:53:34');
INSERT INTO `users` (`id`, `first_name`, `last_name`, `email`, `registrated_at`) VALUES (31, 'Julianne', 'Dibbert', 'myrtice.gleichner@example.net', '1983-09-06 05:59:04');
INSERT INTO `users` (`id`, `first_name`, `last_name`, `email`, `registrated_at`) VALUES (32, 'Cedrick', 'Ryan', 'morgan32@example.org', '1999-08-01 18:52:46');
INSERT INTO `users` (`id`, `first_name`, `last_name`, `email`, `registrated_at`) VALUES (33, 'Beulah', 'Smitham', 'leilani82@example.net', '1974-07-01 19:50:41');
INSERT INTO `users` (`id`, `first_name`, `last_name`, `email`, `registrated_at`) VALUES (34, 'Rafaela', 'Hackett', 'zachary64@example.net', '2002-03-16 15:08:26');
INSERT INTO `users` (`id`, `first_name`, `last_name`, `email`, `registrated_at`) VALUES (35, 'Justus', 'Harber', 'cierra70@example.org', '1974-04-27 11:24:19');
INSERT INTO `users` (`id`, `first_name`, `last_name`, `email`, `registrated_at`) VALUES (36, 'Jakob', 'Strosin', 'mohr.benjamin@example.net', '1993-04-11 21:40:20');
INSERT INTO `users` (`id`, `first_name`, `last_name`, `email`, `registrated_at`) VALUES (37, 'Everardo', 'Streich', 'alanis.walsh@example.com', '2003-08-14 03:16:44');
INSERT INTO `users` (`id`, `first_name`, `last_name`, `email`, `registrated_at`) VALUES (38, 'Cooper', 'Altenwerth', 'eugenia11@example.org', '2019-11-25 17:57:40');
INSERT INTO `users` (`id`, `first_name`, `last_name`, `email`, `registrated_at`) VALUES (39, 'Berta', 'Von', 'ellen82@example.com', '2006-07-29 10:07:21');
INSERT INTO `users` (`id`, `first_name`, `last_name`, `email`, `registrated_at`) VALUES (40, 'Zander', 'Ruecker', 'trantow.randi@example.com', '2006-04-19 09:24:39');
INSERT INTO `users` (`id`, `first_name`, `last_name`, `email`, `registrated_at`) VALUES (41, 'Elza', 'Weissnat', 'brekke.jensen@example.org', '2014-06-08 08:39:58');
INSERT INTO `users` (`id`, `first_name`, `last_name`, `email`, `registrated_at`) VALUES (42, 'Rozella', 'Lockman', 'anne80@example.com', '1982-03-21 09:05:21');
INSERT INTO `users` (`id`, `first_name`, `last_name`, `email`, `registrated_at`) VALUES (43, 'Roselyn', 'Hamill', 'connelly.dasia@example.net', '2015-10-28 15:33:10');
INSERT INTO `users` (`id`, `first_name`, `last_name`, `email`, `registrated_at`) VALUES (44, 'Houston', 'Schamberger', 'annetta.mccullough@example.com', '1986-03-07 23:40:22');
INSERT INTO `users` (`id`, `first_name`, `last_name`, `email`, `registrated_at`) VALUES (45, 'Evie', 'Kohler', 'lenny.hermiston@example.com', '2021-04-01 22:18:55');
INSERT INTO `users` (`id`, `first_name`, `last_name`, `email`, `registrated_at`) VALUES (46, 'Haven', 'Will', 'lance06@example.com', '1970-08-04 04:41:24');
INSERT INTO `users` (`id`, `first_name`, `last_name`, `email`, `registrated_at`) VALUES (47, 'Judy', 'Pfeffer', 'bergnaum.mallie@example.org', '1976-08-31 21:25:50');
INSERT INTO `users` (`id`, `first_name`, `last_name`, `email`, `registrated_at`) VALUES (48, 'Laurence', 'Graham', 'ahmad15@example.org', '2017-12-30 03:41:05');
INSERT INTO `users` (`id`, `first_name`, `last_name`, `email`, `registrated_at`) VALUES (49, 'Meda', 'Hettinger', 'leila.okuneva@example.net', '2003-03-16 05:28:01');
INSERT INTO `users` (`id`, `first_name`, `last_name`, `email`, `registrated_at`) VALUES (50, 'Troy', 'Kling', 'jzieme@example.com', '2016-04-06 16:09:22');
INSERT INTO `users` (`id`, `first_name`, `last_name`, `email`, `registrated_at`) VALUES (51, 'Lesley', 'Hansen', 'jamel.roberts@example.com', '1995-07-16 20:40:56');
INSERT INTO `users` (`id`, `first_name`, `last_name`, `email`, `registrated_at`) VALUES (52, 'Yasmeen', 'Gulgowski', 'abdiel90@example.com', '1994-02-14 01:41:50');
INSERT INTO `users` (`id`, `first_name`, `last_name`, `email`, `registrated_at`) VALUES (53, 'Ebba', 'Howe', 'emcglynn@example.org', '2010-03-26 15:37:06');
INSERT INTO `users` (`id`, `first_name`, `last_name`, `email`, `registrated_at`) VALUES (54, 'Rickie', 'Moore', 'gunner.ledner@example.net', '2015-10-29 05:51:16');
INSERT INTO `users` (`id`, `first_name`, `last_name`, `email`, `registrated_at`) VALUES (55, 'Aurelia', 'Hodkiewicz', 'dickinson.adela@example.org', '1973-12-10 01:28:38');
INSERT INTO `users` (`id`, `first_name`, `last_name`, `email`, `registrated_at`) VALUES (56, 'Lewis', 'Prosacco', 'paufderhar@example.net', '2016-12-09 06:08:33');
INSERT INTO `users` (`id`, `first_name`, `last_name`, `email`, `registrated_at`) VALUES (57, 'Alfredo', 'Hettinger', 'td\'amore@example.org', '1997-03-18 09:19:58');
INSERT INTO `users` (`id`, `first_name`, `last_name`, `email`, `registrated_at`) VALUES (58, 'Brando', 'Stehr', 'clemens92@example.org', '1993-03-15 10:07:44');
INSERT INTO `users` (`id`, `first_name`, `last_name`, `email`, `registrated_at`) VALUES (59, 'Tara', 'Kilback', 'katharina.king@example.org', '2014-11-28 21:59:50');
INSERT INTO `users` (`id`, `first_name`, `last_name`, `email`, `registrated_at`) VALUES (60, 'Owen', 'Grady', 'john.schoen@example.org', '1984-12-10 06:52:27');
INSERT INTO `users` (`id`, `first_name`, `last_name`, `email`, `registrated_at`) VALUES (61, 'Carmela', 'Goodwin', 'cyrus.friesen@example.com', '1990-11-30 01:27:53');
INSERT INTO `users` (`id`, `first_name`, `last_name`, `email`, `registrated_at`) VALUES (62, 'Leola', 'Kuphal', 'carroll.jakayla@example.com', '1975-03-11 23:17:03');
INSERT INTO `users` (`id`, `first_name`, `last_name`, `email`, `registrated_at`) VALUES (63, 'Hector', 'Wuckert', 'meghan.quitzon@example.net', '1971-02-19 15:35:35');
INSERT INTO `users` (`id`, `first_name`, `last_name`, `email`, `registrated_at`) VALUES (64, 'Margaret', 'Walsh', 'oleta84@example.net', '2007-05-02 10:05:58');
INSERT INTO `users` (`id`, `first_name`, `last_name`, `email`, `registrated_at`) VALUES (65, 'Christopher', 'Lesch', 'schumm.ben@example.net', '2010-11-19 23:26:15');
INSERT INTO `users` (`id`, `first_name`, `last_name`, `email`, `registrated_at`) VALUES (66, 'Orpha', 'Bradtke', 'dmarquardt@example.org', '1973-09-26 19:04:12');
INSERT INTO `users` (`id`, `first_name`, `last_name`, `email`, `registrated_at`) VALUES (67, 'Phoebe', 'Grimes', 'shanna18@example.com', '1985-07-30 15:08:14');
INSERT INTO `users` (`id`, `first_name`, `last_name`, `email`, `registrated_at`) VALUES (68, 'Ashley', 'Emard', 'emerald.schultz@example.com', '2020-04-02 23:48:25');
INSERT INTO `users` (`id`, `first_name`, `last_name`, `email`, `registrated_at`) VALUES (69, 'Derick', 'Purdy', 'schmitt.ethyl@example.org', '1981-09-30 17:41:25');
INSERT INTO `users` (`id`, `first_name`, `last_name`, `email`, `registrated_at`) VALUES (70, 'Kassandra', 'Batz', 'norwood36@example.net', '2015-08-10 12:08:00');
INSERT INTO `users` (`id`, `first_name`, `last_name`, `email`, `registrated_at`) VALUES (71, 'Linwood', 'Kozey', 'bailey50@example.net', '2000-06-19 11:58:26');
INSERT INTO `users` (`id`, `first_name`, `last_name`, `email`, `registrated_at`) VALUES (72, 'Reyes', 'Fisher', 'ratke.giovanna@example.com', '1988-04-12 06:48:07');
INSERT INTO `users` (`id`, `first_name`, `last_name`, `email`, `registrated_at`) VALUES (73, 'Joan', 'Douglas', 'rfay@example.org', '2017-10-30 15:34:56');
INSERT INTO `users` (`id`, `first_name`, `last_name`, `email`, `registrated_at`) VALUES (74, 'Corbin', 'Becker', 'stroman.marianna@example.com', '1982-10-20 18:13:09');
INSERT INTO `users` (`id`, `first_name`, `last_name`, `email`, `registrated_at`) VALUES (75, 'Hallie', 'Champlin', 'jennings.bailey@example.net', '2008-02-12 11:48:27');
INSERT INTO `users` (`id`, `first_name`, `last_name`, `email`, `registrated_at`) VALUES (76, 'Jacky', 'Cassin', 'lenora.pollich@example.net', '2010-11-04 10:02:24');
INSERT INTO `users` (`id`, `first_name`, `last_name`, `email`, `registrated_at`) VALUES (77, 'Rachel', 'Sanford', 'vstark@example.org', '2014-12-31 20:26:00');
INSERT INTO `users` (`id`, `first_name`, `last_name`, `email`, `registrated_at`) VALUES (78, 'Marcos', 'Kutch', 'dcollins@example.org', '2016-06-29 07:11:10');
INSERT INTO `users` (`id`, `first_name`, `last_name`, `email`, `registrated_at`) VALUES (79, 'Brenda', 'Koss', 'whowell@example.net', '1997-09-16 04:04:14');
INSERT INTO `users` (`id`, `first_name`, `last_name`, `email`, `registrated_at`) VALUES (80, 'Annie', 'Jaskolski', 'perdman@example.com', '2000-10-22 13:14:04');
INSERT INTO `users` (`id`, `first_name`, `last_name`, `email`, `registrated_at`) VALUES (81, 'Albertha', 'Schinner', 'kip36@example.org', '1976-09-01 16:08:18');
INSERT INTO `users` (`id`, `first_name`, `last_name`, `email`, `registrated_at`) VALUES (82, 'Arvid', 'Simonis', 'kerluke.maximo@example.org', '1985-09-16 06:21:42');
INSERT INTO `users` (`id`, `first_name`, `last_name`, `email`, `registrated_at`) VALUES (83, 'Myles', 'Stoltenberg', 'leda.dare@example.org', '1971-02-17 15:31:35');
INSERT INTO `users` (`id`, `first_name`, `last_name`, `email`, `registrated_at`) VALUES (84, 'Ada', 'Nader', 'o\'keefe.jedediah@example.org', '1974-07-28 13:28:59');
INSERT INTO `users` (`id`, `first_name`, `last_name`, `email`, `registrated_at`) VALUES (85, 'Felipa', 'Buckridge', 'greenholt.tania@example.net', '1992-08-01 22:44:08');
INSERT INTO `users` (`id`, `first_name`, `last_name`, `email`, `registrated_at`) VALUES (86, 'Morton', 'Donnelly', 'macy.douglas@example.org', '1992-11-11 00:21:27');
INSERT INTO `users` (`id`, `first_name`, `last_name`, `email`, `registrated_at`) VALUES (87, 'Anthony', 'Stracke', 'chessel@example.net', '2012-06-01 08:16:18');
INSERT INTO `users` (`id`, `first_name`, `last_name`, `email`, `registrated_at`) VALUES (88, 'Kelvin', 'Kessler', 'vicente01@example.net', '1992-02-22 05:13:58');
INSERT INTO `users` (`id`, `first_name`, `last_name`, `email`, `registrated_at`) VALUES (89, 'Johan', 'Auer', 'joany11@example.org', '2001-04-07 17:28:30');
INSERT INTO `users` (`id`, `first_name`, `last_name`, `email`, `registrated_at`) VALUES (90, 'Theodora', 'Jones', 'sipes.kenyon@example.com', '1993-04-07 20:08:40');
INSERT INTO `users` (`id`, `first_name`, `last_name`, `email`, `registrated_at`) VALUES (91, 'Jalyn', 'Muller', 'glen.hoppe@example.net', '1970-08-23 18:34:58');
INSERT INTO `users` (`id`, `first_name`, `last_name`, `email`, `registrated_at`) VALUES (92, 'Darian', 'Murray', 'greta.farrell@example.com', '1984-01-11 03:37:43');
INSERT INTO `users` (`id`, `first_name`, `last_name`, `email`, `registrated_at`) VALUES (93, 'Martine', 'Abernathy', 'sglover@example.com', '2007-08-10 10:33:54');
INSERT INTO `users` (`id`, `first_name`, `last_name`, `email`, `registrated_at`) VALUES (94, 'Ella', 'Roob', 'hbrekke@example.net', '1976-03-12 14:59:01');
INSERT INTO `users` (`id`, `first_name`, `last_name`, `email`, `registrated_at`) VALUES (95, 'Morris', 'Gleichner', 'ron59@example.org', '2008-07-25 21:23:48');
INSERT INTO `users` (`id`, `first_name`, `last_name`, `email`, `registrated_at`) VALUES (96, 'Treva', 'Volkman', 'abagail.bosco@example.org', '1996-09-06 17:19:36');
INSERT INTO `users` (`id`, `first_name`, `last_name`, `email`, `registrated_at`) VALUES (97, 'Camila', 'Veum', 'catharine.mcdermott@example.com', '1999-09-15 09:57:35');
INSERT INTO `users` (`id`, `first_name`, `last_name`, `email`, `registrated_at`) VALUES (98, 'Holly', 'Kub', 'christophe20@example.net', '2012-08-25 08:25:30');
INSERT INTO `users` (`id`, `first_name`, `last_name`, `email`, `registrated_at`) VALUES (99, 'Erin', 'Pouros', 'kessler.celine@example.net', '1971-09-29 20:47:52');
INSERT INTO `users` (`id`, `first_name`, `last_name`, `email`, `registrated_at`) VALUES (100, 'Isadore', 'Bergnaum', 'tstoltenberg@example.org', '1980-10-23 03:10:23');


